// Validating benchmarks:
// ***** BenchmarkRunner: Start   *****
// ***** Found 6 benchmark(s) in total *****
// ***** Building 1 exe(s) in Parallel: Start   *****
Unable to find .sln or .csproj file. Will use current directory C:\D\github\CSharpWeekly to search for project file. If you don't use .sln file on purpose it should not be a problem.
// start dotnet  restore /p:UseSharedCompilation=false /p:BuildInParallel=false /m:1 /p:Deterministic=true /p:Optimize=true in C:\D\github\CSharpWeekly\CompiledQueries.Benchmarks\bin\Release\net10.0\2751c7ea-16fb-453c-95f9-2cf2ab35a677
// command took 0.7 sec and exited with 0
// start dotnet  build -c Release --no-restore /p:UseSharedCompilation=false /p:BuildInParallel=false /m:1 /p:Deterministic=true /p:Optimize=true in C:\D\github\CSharpWeekly\CompiledQueries.Benchmarks\bin\Release\net10.0\2751c7ea-16fb-453c-95f9-2cf2ab35a677
// command took 2.26 sec and exited with 0
// ***** Done, took 00:00:02 (3 sec)   *****
// Found 6 benchmarks:
//   LogQueryBenchmarks.WithoutCompiledQuery: DefaultJob [RowsToReturn=1]
//   LogQueryBenchmarks.WithCompiledQuery: DefaultJob [RowsToReturn=1]
//   LogQueryBenchmarks.WithoutCompiledQuery: DefaultJob [RowsToReturn=10]
//   LogQueryBenchmarks.WithCompiledQuery: DefaultJob [RowsToReturn=10]
//   LogQueryBenchmarks.WithoutCompiledQuery: DefaultJob [RowsToReturn=100]
//   LogQueryBenchmarks.WithCompiledQuery: DefaultJob [RowsToReturn=100]

Setup power plan (GUID: 8c5e7fda-e8bf-4a96-9a85-a6e23a8c635c FriendlyName: أداء عالٍ)
// **************************
// Benchmark: LogQueryBenchmarks.WithoutCompiledQuery: DefaultJob [RowsToReturn=1]
// *** Execute ***
// Launch: 1 / 1
// Execute: dotnet 2751c7ea-16fb-453c-95f9-2cf2ab35a677.dll --anonymousPipes 1452 1448 --benchmarkName "LogQueryBenchmarks.WithoutCompiledQuery(RowsToReturn: 1)" --job Default --benchmarkId 0 in C:\D\github\CSharpWeekly\CompiledQueries.Benchmarks\bin\Release\net10.0\2751c7ea-16fb-453c-95f9-2cf2ab35a677\bin\Release\net10.0
// BeforeAnythingElse

// Benchmark Process Environment Information:
// BenchmarkDotNet v0.13.12
// Runtime=.NET 10.0.3 (10.0.326.7603), X64 RyuJIT AVX2
// GC=Concurrent Workstation
// HardwareIntrinsics=AVX2,AES,BMI1,BMI2,FMA,LZCNT,PCLMUL,POPCNT,AvxVnni,SERIALIZE VectorSize=256
// Job: DefaultJob

OverheadJitting  1: 1 op, 183800.00 ns, 183.8000 us/op
WorkloadJitting  1: 1 op, 423358900.00 ns, 423.3589 ms/op

OverheadJitting  2: 1 op, 400.00 ns, 400.0000 ns/op
WorkloadJitting  2: 1 op, 4335100.00 ns, 4.3351 ms/op

OverheadJitting  3: 16 op, 200400.00 ns, 12.5250 us/op
WorkloadJitting  3: 16 op, 26548400.00 ns, 1.6593 ms/op

WorkloadPilot    1: 16 op, 14997900.00 ns, 937.3687 us/op
WorkloadPilot    2: 32 op, 20050200.00 ns, 626.5688 us/op
WorkloadPilot    3: 64 op, 30557900.00 ns, 477.4672 us/op
WorkloadPilot    4: 128 op, 61243800.00 ns, 478.4672 us/op
WorkloadPilot    5: 256 op, 115195900.00 ns, 449.9840 us/op
WorkloadPilot    6: 512 op, 263626000.00 ns, 514.8945 us/op
WorkloadPilot    7: 1024 op, 484091100.00 ns, 472.7452 us/op
WorkloadPilot    8: 2048 op, 942309500.00 ns, 460.1121 us/op

OverheadWarmup   1: 2048 op, 4500.00 ns, 2.1973 ns/op
OverheadWarmup   2: 2048 op, 3900.00 ns, 1.9043 ns/op
OverheadWarmup   3: 2048 op, 3900.00 ns, 1.9043 ns/op
OverheadWarmup   4: 2048 op, 3900.00 ns, 1.9043 ns/op
OverheadWarmup   5: 2048 op, 3900.00 ns, 1.9043 ns/op
OverheadWarmup   6: 2048 op, 4400.00 ns, 2.1484 ns/op

OverheadActual   1: 2048 op, 3900.00 ns, 1.9043 ns/op
OverheadActual   2: 2048 op, 3700.00 ns, 1.8066 ns/op
OverheadActual   3: 2048 op, 3800.00 ns, 1.8555 ns/op
OverheadActual   4: 2048 op, 3700.00 ns, 1.8066 ns/op
OverheadActual   5: 2048 op, 3900.00 ns, 1.9043 ns/op
OverheadActual   6: 2048 op, 3900.00 ns, 1.9043 ns/op
OverheadActual   7: 2048 op, 3900.00 ns, 1.9043 ns/op
OverheadActual   8: 2048 op, 3800.00 ns, 1.8555 ns/op
OverheadActual   9: 2048 op, 4100.00 ns, 2.0020 ns/op
OverheadActual  10: 2048 op, 3900.00 ns, 1.9043 ns/op
OverheadActual  11: 2048 op, 3700.00 ns, 1.8066 ns/op
OverheadActual  12: 2048 op, 3900.00 ns, 1.9043 ns/op
OverheadActual  13: 2048 op, 3900.00 ns, 1.9043 ns/op
OverheadActual  14: 2048 op, 4100.00 ns, 2.0020 ns/op
OverheadActual  15: 2048 op, 3900.00 ns, 1.9043 ns/op

WorkloadWarmup   1: 2048 op, 1700037000.00 ns, 830.0962 us/op
WorkloadWarmup   2: 2048 op, 681370600.00 ns, 332.7005 us/op
WorkloadWarmup   3: 2048 op, 674619700.00 ns, 329.4042 us/op
WorkloadWarmup   4: 2048 op, 634498000.00 ns, 309.8135 us/op
WorkloadWarmup   5: 2048 op, 620134600.00 ns, 302.8001 us/op
WorkloadWarmup   6: 2048 op, 652125500.00 ns, 318.4207 us/op
WorkloadWarmup   7: 2048 op, 660468000.00 ns, 322.4941 us/op
WorkloadWarmup   8: 2048 op, 633147100.00 ns, 309.1539 us/op
WorkloadWarmup   9: 2048 op, 613621600.00 ns, 299.6199 us/op
WorkloadWarmup  10: 2048 op, 622081000.00 ns, 303.7505 us/op
WorkloadWarmup  11: 2048 op, 608000900.00 ns, 296.8754 us/op

// BeforeActualRun
WorkloadActual   1: 2048 op, 612133600.00 ns, 298.8934 us/op
WorkloadActual   2: 2048 op, 609013700.00 ns, 297.3700 us/op
WorkloadActual   3: 2048 op, 636615300.00 ns, 310.8473 us/op
WorkloadActual   4: 2048 op, 611008700.00 ns, 298.3441 us/op
WorkloadActual   5: 2048 op, 615076200.00 ns, 300.3302 us/op
WorkloadActual   6: 2048 op, 620360200.00 ns, 302.9103 us/op
WorkloadActual   7: 2048 op, 641826400.00 ns, 313.3918 us/op
WorkloadActual   8: 2048 op, 789594800.00 ns, 385.5443 us/op
WorkloadActual   9: 2048 op, 761790800.00 ns, 371.9682 us/op
WorkloadActual  10: 2048 op, 907522600.00 ns, 443.1263 us/op
WorkloadActual  11: 2048 op, 851292800.00 ns, 415.6703 us/op
WorkloadActual  12: 2048 op, 1068862000.00 ns, 521.9053 us/op
WorkloadActual  13: 2048 op, 1604387900.00 ns, 783.3925 us/op
WorkloadActual  14: 2048 op, 1441232900.00 ns, 703.7270 us/op
WorkloadActual  15: 2048 op, 1562454500.00 ns, 762.9172 us/op
WorkloadActual  16: 2048 op, 1144822000.00 ns, 558.9951 us/op
WorkloadActual  17: 2048 op, 1311252800.00 ns, 640.2602 us/op
WorkloadActual  18: 2048 op, 1317204500.00 ns, 643.1663 us/op
WorkloadActual  19: 2048 op, 1435197900.00 ns, 700.7802 us/op
WorkloadActual  20: 2048 op, 1655235900.00 ns, 808.2207 us/op
WorkloadActual  21: 2048 op, 1499917500.00 ns, 732.3816 us/op
WorkloadActual  22: 2048 op, 881643700.00 ns, 430.4901 us/op
WorkloadActual  23: 2048 op, 1659522500.00 ns, 810.3137 us/op
WorkloadActual  24: 2048 op, 1370486300.00 ns, 669.1828 us/op
WorkloadActual  25: 2048 op, 1096843100.00 ns, 535.5679 us/op
WorkloadActual  26: 2048 op, 835409200.00 ns, 407.9146 us/op
WorkloadActual  27: 2048 op, 978319800.00 ns, 477.6952 us/op
WorkloadActual  28: 2048 op, 814574200.00 ns, 397.7413 us/op
WorkloadActual  29: 2048 op, 738252400.00 ns, 360.4748 us/op
WorkloadActual  30: 2048 op, 788335100.00 ns, 384.9292 us/op
WorkloadActual  31: 2048 op, 772034200.00 ns, 376.9698 us/op
WorkloadActual  32: 2048 op, 789485400.00 ns, 385.4909 us/op
WorkloadActual  33: 2048 op, 880850300.00 ns, 430.1027 us/op
WorkloadActual  34: 2048 op, 917938500.00 ns, 448.2122 us/op
WorkloadActual  35: 2048 op, 853724000.00 ns, 416.8574 us/op
WorkloadActual  36: 2048 op, 819191600.00 ns, 399.9959 us/op
WorkloadActual  37: 2048 op, 769686800.00 ns, 375.8236 us/op
WorkloadActual  38: 2048 op, 824864400.00 ns, 402.7658 us/op
WorkloadActual  39: 2048 op, 838680300.00 ns, 409.5119 us/op
WorkloadActual  40: 2048 op, 810850900.00 ns, 395.9233 us/op
WorkloadActual  41: 2048 op, 865778600.00 ns, 422.7435 us/op
WorkloadActual  42: 2048 op, 893844100.00 ns, 436.4473 us/op
WorkloadActual  43: 2048 op, 986960000.00 ns, 481.9141 us/op
WorkloadActual  44: 2048 op, 1047690800.00 ns, 511.5678 us/op
WorkloadActual  45: 2048 op, 878812300.00 ns, 429.1076 us/op
WorkloadActual  46: 2048 op, 892744900.00 ns, 435.9106 us/op
WorkloadActual  47: 2048 op, 765269000.00 ns, 373.6665 us/op
WorkloadActual  48: 2048 op, 746185700.00 ns, 364.3485 us/op
WorkloadActual  49: 2048 op, 757342900.00 ns, 369.7963 us/op
WorkloadActual  50: 2048 op, 774835700.00 ns, 378.3377 us/op
WorkloadActual  51: 2048 op, 811831400.00 ns, 396.4021 us/op
WorkloadActual  52: 2048 op, 807479500.00 ns, 394.2771 us/op
WorkloadActual  53: 2048 op, 739978900.00 ns, 361.3178 us/op
WorkloadActual  54: 2048 op, 617430900.00 ns, 301.4799 us/op
WorkloadActual  55: 2048 op, 1508715600.00 ns, 736.6775 us/op
WorkloadActual  56: 2048 op, 2641325500.00 ns, 1.2897 ms/op
WorkloadActual  57: 2048 op, 1672468400.00 ns, 816.6350 us/op
WorkloadActual  58: 2048 op, 1317248900.00 ns, 643.1879 us/op
WorkloadActual  59: 2048 op, 1023983000.00 ns, 499.9917 us/op
WorkloadActual  60: 2048 op, 873270000.00 ns, 426.4014 us/op
WorkloadActual  61: 2048 op, 843496000.00 ns, 411.8633 us/op
WorkloadActual  62: 2048 op, 793211100.00 ns, 387.3101 us/op
WorkloadActual  63: 2048 op, 1287533800.00 ns, 628.6786 us/op
WorkloadActual  64: 2048 op, 1526016300.00 ns, 745.1251 us/op
WorkloadActual  65: 2048 op, 1045627500.00 ns, 510.5603 us/op
WorkloadActual  66: 2048 op, 1212524500.00 ns, 592.0530 us/op
WorkloadActual  67: 2048 op, 967271200.00 ns, 472.3004 us/op
WorkloadActual  68: 2048 op, 786127900.00 ns, 383.8515 us/op
WorkloadActual  69: 2048 op, 766505300.00 ns, 374.2702 us/op
WorkloadActual  70: 2048 op, 1785109500.00 ns, 871.6355 us/op
WorkloadActual  71: 2048 op, 1540485900.00 ns, 752.1904 us/op
WorkloadActual  72: 2048 op, 1245985300.00 ns, 608.3913 us/op
WorkloadActual  73: 2048 op, 993388700.00 ns, 485.0531 us/op
WorkloadActual  74: 2048 op, 846678400.00 ns, 413.4172 us/op
WorkloadActual  75: 2048 op, 699700400.00 ns, 341.6506 us/op
WorkloadActual  76: 2048 op, 679262700.00 ns, 331.6712 us/op
WorkloadActual  77: 2048 op, 720536500.00 ns, 351.8245 us/op
WorkloadActual  78: 2048 op, 887052900.00 ns, 433.1313 us/op
WorkloadActual  79: 2048 op, 966040400.00 ns, 471.6994 us/op
WorkloadActual  80: 2048 op, 768517400.00 ns, 375.2526 us/op
WorkloadActual  81: 2048 op, 747209200.00 ns, 364.8482 us/op
WorkloadActual  82: 2048 op, 984494000.00 ns, 480.7100 us/op
WorkloadActual  83: 2048 op, 937789800.00 ns, 457.9052 us/op
WorkloadActual  84: 2048 op, 850155600.00 ns, 415.1150 us/op
WorkloadActual  85: 2048 op, 883741800.00 ns, 431.5146 us/op
WorkloadActual  86: 2048 op, 763502700.00 ns, 372.8041 us/op
WorkloadActual  87: 2048 op, 770384700.00 ns, 376.1644 us/op
WorkloadActual  88: 2048 op, 747601900.00 ns, 365.0400 us/op
WorkloadActual  89: 2048 op, 752769600.00 ns, 367.5633 us/op
WorkloadActual  90: 2048 op, 793089800.00 ns, 387.2509 us/op
WorkloadActual  91: 2048 op, 783514700.00 ns, 382.5755 us/op
WorkloadActual  92: 2048 op, 790501900.00 ns, 385.9873 us/op
WorkloadActual  93: 2048 op, 825489900.00 ns, 403.0712 us/op
WorkloadActual  94: 2048 op, 1847417400.00 ns, 902.0593 us/op
WorkloadActual  95: 2048 op, 1225550200.00 ns, 598.4132 us/op
WorkloadActual  96: 2048 op, 1446296500.00 ns, 706.1995 us/op
WorkloadActual  97: 2048 op, 795141300.00 ns, 388.2526 us/op
WorkloadActual  98: 2048 op, 987000000.00 ns, 481.9336 us/op
WorkloadActual  99: 2048 op, 964664200.00 ns, 471.0274 us/op
WorkloadActual  100: 2048 op, 697220300.00 ns, 340.4396 us/op

// AfterActualRun
WorkloadResult   1: 2048 op, 612129700.00 ns, 298.8915 us/op
WorkloadResult   2: 2048 op, 609009800.00 ns, 297.3681 us/op
WorkloadResult   3: 2048 op, 636611400.00 ns, 310.8454 us/op
WorkloadResult   4: 2048 op, 611004800.00 ns, 298.3422 us/op
WorkloadResult   5: 2048 op, 615072300.00 ns, 300.3283 us/op
WorkloadResult   6: 2048 op, 620356300.00 ns, 302.9083 us/op
WorkloadResult   7: 2048 op, 641822500.00 ns, 313.3899 us/op
WorkloadResult   8: 2048 op, 789590900.00 ns, 385.5424 us/op
WorkloadResult   9: 2048 op, 761786900.00 ns, 371.9663 us/op
WorkloadResult  10: 2048 op, 907518700.00 ns, 443.1244 us/op
WorkloadResult  11: 2048 op, 851288900.00 ns, 415.6684 us/op
WorkloadResult  12: 2048 op, 1068858100.00 ns, 521.9034 us/op
WorkloadResult  13: 2048 op, 1441229000.00 ns, 703.7251 us/op
WorkloadResult  14: 2048 op, 1144818100.00 ns, 558.9932 us/op
WorkloadResult  15: 2048 op, 1311248900.00 ns, 640.2583 us/op
WorkloadResult  16: 2048 op, 1317200600.00 ns, 643.1644 us/op
WorkloadResult  17: 2048 op, 1435194000.00 ns, 700.7783 us/op
WorkloadResult  18: 2048 op, 1499913600.00 ns, 732.3797 us/op
WorkloadResult  19: 2048 op, 881639800.00 ns, 430.4882 us/op
WorkloadResult  20: 2048 op, 1370482400.00 ns, 669.1809 us/op
WorkloadResult  21: 2048 op, 1096839200.00 ns, 535.5660 us/op
WorkloadResult  22: 2048 op, 835405300.00 ns, 407.9127 us/op
WorkloadResult  23: 2048 op, 978315900.00 ns, 477.6933 us/op
WorkloadResult  24: 2048 op, 814570300.00 ns, 397.7394 us/op
WorkloadResult  25: 2048 op, 738248500.00 ns, 360.4729 us/op
WorkloadResult  26: 2048 op, 788331200.00 ns, 384.9273 us/op
WorkloadResult  27: 2048 op, 772030300.00 ns, 376.9679 us/op
WorkloadResult  28: 2048 op, 789481500.00 ns, 385.4890 us/op
WorkloadResult  29: 2048 op, 880846400.00 ns, 430.1008 us/op
WorkloadResult  30: 2048 op, 917934600.00 ns, 448.2103 us/op
WorkloadResult  31: 2048 op, 853720100.00 ns, 416.8555 us/op
WorkloadResult  32: 2048 op, 819187700.00 ns, 399.9940 us/op
WorkloadResult  33: 2048 op, 769682900.00 ns, 375.8217 us/op
WorkloadResult  34: 2048 op, 824860500.00 ns, 402.7639 us/op
WorkloadResult  35: 2048 op, 838676400.00 ns, 409.5100 us/op
WorkloadResult  36: 2048 op, 810847000.00 ns, 395.9214 us/op
WorkloadResult  37: 2048 op, 865774700.00 ns, 422.7416 us/op
WorkloadResult  38: 2048 op, 893840200.00 ns, 436.4454 us/op
WorkloadResult  39: 2048 op, 986956100.00 ns, 481.9122 us/op
WorkloadResult  40: 2048 op, 1047686900.00 ns, 511.5659 us/op
WorkloadResult  41: 2048 op, 878808400.00 ns, 429.1057 us/op
WorkloadResult  42: 2048 op, 892741000.00 ns, 435.9087 us/op
WorkloadResult  43: 2048 op, 765265100.00 ns, 373.6646 us/op
WorkloadResult  44: 2048 op, 746181800.00 ns, 364.3466 us/op
WorkloadResult  45: 2048 op, 757339000.00 ns, 369.7944 us/op
WorkloadResult  46: 2048 op, 774831800.00 ns, 378.3358 us/op
WorkloadResult  47: 2048 op, 811827500.00 ns, 396.4001 us/op
WorkloadResult  48: 2048 op, 807475600.00 ns, 394.2752 us/op
WorkloadResult  49: 2048 op, 739975000.00 ns, 361.3159 us/op
WorkloadResult  50: 2048 op, 617427000.00 ns, 301.4780 us/op
WorkloadResult  51: 2048 op, 1508711700.00 ns, 736.6756 us/op
WorkloadResult  52: 2048 op, 1317245000.00 ns, 643.1860 us/op
WorkloadResult  53: 2048 op, 1023979100.00 ns, 499.9898 us/op
WorkloadResult  54: 2048 op, 873266100.00 ns, 426.3995 us/op
WorkloadResult  55: 2048 op, 843492100.00 ns, 411.8614 us/op
WorkloadResult  56: 2048 op, 793207200.00 ns, 387.3082 us/op
WorkloadResult  57: 2048 op, 1287529900.00 ns, 628.6767 us/op
WorkloadResult  58: 2048 op, 1526012400.00 ns, 745.1232 us/op
WorkloadResult  59: 2048 op, 1045623600.00 ns, 510.5584 us/op
WorkloadResult  60: 2048 op, 1212520600.00 ns, 592.0511 us/op
WorkloadResult  61: 2048 op, 967267300.00 ns, 472.2985 us/op
WorkloadResult  62: 2048 op, 786124000.00 ns, 383.8496 us/op
WorkloadResult  63: 2048 op, 766501400.00 ns, 374.2683 us/op
WorkloadResult  64: 2048 op, 1245981400.00 ns, 608.3894 us/op
WorkloadResult  65: 2048 op, 993384800.00 ns, 485.0512 us/op
WorkloadResult  66: 2048 op, 846674500.00 ns, 413.4153 us/op
WorkloadResult  67: 2048 op, 699696500.00 ns, 341.6487 us/op
WorkloadResult  68: 2048 op, 679258800.00 ns, 331.6693 us/op
WorkloadResult  69: 2048 op, 720532600.00 ns, 351.8226 us/op
WorkloadResult  70: 2048 op, 887049000.00 ns, 433.1294 us/op
WorkloadResult  71: 2048 op, 966036500.00 ns, 471.6975 us/op
WorkloadResult  72: 2048 op, 768513500.00 ns, 375.2507 us/op
WorkloadResult  73: 2048 op, 747205300.00 ns, 364.8463 us/op
WorkloadResult  74: 2048 op, 984490100.00 ns, 480.7081 us/op
WorkloadResult  75: 2048 op, 937785900.00 ns, 457.9033 us/op
WorkloadResult  76: 2048 op, 850151700.00 ns, 415.1131 us/op
WorkloadResult  77: 2048 op, 883737900.00 ns, 431.5126 us/op
WorkloadResult  78: 2048 op, 763498800.00 ns, 372.8021 us/op
WorkloadResult  79: 2048 op, 770380800.00 ns, 376.1625 us/op
WorkloadResult  80: 2048 op, 747598000.00 ns, 365.0381 us/op
WorkloadResult  81: 2048 op, 752765700.00 ns, 367.5614 us/op
WorkloadResult  82: 2048 op, 793085900.00 ns, 387.2490 us/op
WorkloadResult  83: 2048 op, 783510800.00 ns, 382.5736 us/op
WorkloadResult  84: 2048 op, 790498000.00 ns, 385.9854 us/op
WorkloadResult  85: 2048 op, 825486000.00 ns, 403.0693 us/op
WorkloadResult  86: 2048 op, 1225546300.00 ns, 598.4113 us/op
WorkloadResult  87: 2048 op, 1446292600.00 ns, 706.1976 us/op
WorkloadResult  88: 2048 op, 795137400.00 ns, 388.2507 us/op
WorkloadResult  89: 2048 op, 986996100.00 ns, 481.9317 us/op
WorkloadResult  90: 2048 op, 964660300.00 ns, 471.0255 us/op
WorkloadResult  91: 2048 op, 697216400.00 ns, 340.4377 us/op
// GC:  1 0 0 36373432 2048
// Threading:  6147 36 2048

// AfterAll
// Benchmark Process 27096 has exited with code 0.

Mean = 443.995 μs, StdErr = 11.740 μs (2.64%), N = 91, StdDev = 111.991 μs
Min = 297.368 μs, Q1 = 374.759 μs, Median = 409.510 μs, Q3 = 481.310 μs, Max = 745.123 μs
IQR = 106.551 μs, LowerFence = 214.934 μs, UpperFence = 641.136 μs
ConfidenceInterval = [404.057 μs; 483.934 μs] (CI 99.9%), Margin = 39.938 μs (9.00% of Mean)
Skewness = 1.17, Kurtosis = 3.55, MValue = 3.5

// ** Remained 5 (83.3٪؜) benchmark(s) to run. Estimated finish 1448-02-19 13:59 (0h 9m from now) **
Setup power plan (GUID: 8c5e7fda-e8bf-4a96-9a85-a6e23a8c635c FriendlyName: أداء عالٍ)
// **************************
// Benchmark: LogQueryBenchmarks.WithCompiledQuery: DefaultJob [RowsToReturn=1]
// *** Execute ***
// Launch: 1 / 1
// Execute: dotnet 2751c7ea-16fb-453c-95f9-2cf2ab35a677.dll --anonymousPipes 1560 1556 --benchmarkName "LogQueryBenchmarks.WithCompiledQuery(RowsToReturn: 1)" --job Default --benchmarkId 1 in C:\D\github\CSharpWeekly\CompiledQueries.Benchmarks\bin\Release\net10.0\2751c7ea-16fb-453c-95f9-2cf2ab35a677\bin\Release\net10.0
// BeforeAnythingElse

// Benchmark Process Environment Information:
// BenchmarkDotNet v0.13.12
// Runtime=.NET 10.0.3 (10.0.326.7603), X64 RyuJIT AVX2
// GC=Concurrent Workstation
// HardwareIntrinsics=AVX2,AES,BMI1,BMI2,FMA,LZCNT,PCLMUL,POPCNT,AvxVnni,SERIALIZE VectorSize=256
// Job: DefaultJob

OverheadJitting  1: 1 op, 183500.00 ns, 183.5000 us/op
WorkloadJitting  1: 1 op, 445144900.00 ns, 445.1449 ms/op

OverheadJitting  2: 1 op, 400.00 ns, 400.0000 ns/op
WorkloadJitting  2: 1 op, 3276300.00 ns, 3.2763 ms/op

OverheadJitting  3: 16 op, 222500.00 ns, 13.9062 us/op
WorkloadJitting  3: 16 op, 13414200.00 ns, 838.3875 us/op

WorkloadPilot    1: 16 op, 10431100.00 ns, 651.9438 us/op
WorkloadPilot    2: 32 op, 14327700.00 ns, 447.7406 us/op
WorkloadPilot    3: 64 op, 27093700.00 ns, 423.3391 us/op
WorkloadPilot    4: 128 op, 56629600.00 ns, 442.4187 us/op
WorkloadPilot    5: 256 op, 146651800.00 ns, 572.8586 us/op
WorkloadPilot    6: 512 op, 274222900.00 ns, 535.5916 us/op
WorkloadPilot    7: 1024 op, 645598200.00 ns, 630.4670 us/op

OverheadWarmup   1: 1024 op, 4400.00 ns, 4.2969 ns/op
OverheadWarmup   2: 1024 op, 2900.00 ns, 2.8320 ns/op
OverheadWarmup   3: 1024 op, 2800.00 ns, 2.7344 ns/op
OverheadWarmup   4: 1024 op, 2800.00 ns, 2.7344 ns/op
OverheadWarmup   5: 1024 op, 2800.00 ns, 2.7344 ns/op
OverheadWarmup   6: 1024 op, 2800.00 ns, 2.7344 ns/op
OverheadWarmup   7: 1024 op, 2800.00 ns, 2.7344 ns/op

OverheadActual   1: 1024 op, 2800.00 ns, 2.7344 ns/op
OverheadActual   2: 1024 op, 2900.00 ns, 2.8320 ns/op
OverheadActual   3: 1024 op, 2800.00 ns, 2.7344 ns/op
OverheadActual   4: 1024 op, 2700.00 ns, 2.6367 ns/op
OverheadActual   5: 1024 op, 2800.00 ns, 2.7344 ns/op
OverheadActual   6: 1024 op, 2700.00 ns, 2.6367 ns/op
OverheadActual   7: 1024 op, 2700.00 ns, 2.6367 ns/op
OverheadActual   8: 1024 op, 2700.00 ns, 2.6367 ns/op
OverheadActual   9: 1024 op, 2700.00 ns, 2.6367 ns/op
OverheadActual  10: 1024 op, 2700.00 ns, 2.6367 ns/op
OverheadActual  11: 1024 op, 2700.00 ns, 2.6367 ns/op
OverheadActual  12: 1024 op, 2600.00 ns, 2.5391 ns/op
OverheadActual  13: 1024 op, 2600.00 ns, 2.5391 ns/op
OverheadActual  14: 1024 op, 2700.00 ns, 2.6367 ns/op
OverheadActual  15: 1024 op, 2600.00 ns, 2.5391 ns/op

WorkloadWarmup   1: 1024 op, 625325400.00 ns, 610.6693 us/op
WorkloadWarmup   2: 1024 op, 380900500.00 ns, 371.9731 us/op
WorkloadWarmup   3: 1024 op, 358399600.00 ns, 349.9996 us/op
WorkloadWarmup   4: 1024 op, 336080300.00 ns, 328.2034 us/op
WorkloadWarmup   5: 1024 op, 302196400.00 ns, 295.1137 us/op
WorkloadWarmup   6: 1024 op, 294842600.00 ns, 287.9322 us/op
WorkloadWarmup   7: 1024 op, 294742600.00 ns, 287.8346 us/op
WorkloadWarmup   8: 1024 op, 283799100.00 ns, 277.1476 us/op
WorkloadWarmup   9: 1024 op, 304835100.00 ns, 297.6905 us/op
WorkloadWarmup  10: 1024 op, 357411100.00 ns, 349.0343 us/op
WorkloadWarmup  11: 1024 op, 343536300.00 ns, 335.4847 us/op
WorkloadWarmup  12: 1024 op, 369508500.00 ns, 360.8481 us/op
WorkloadWarmup  13: 1024 op, 377058500.00 ns, 368.2212 us/op
WorkloadWarmup  14: 1024 op, 330353000.00 ns, 322.6104 us/op

// BeforeActualRun
WorkloadActual   1: 1024 op, 366839400.00 ns, 358.2416 us/op
WorkloadActual   2: 1024 op, 464781800.00 ns, 453.8885 us/op
WorkloadActual   3: 1024 op, 431667700.00 ns, 421.5505 us/op
WorkloadActual   4: 1024 op, 421706900.00 ns, 411.8231 us/op
WorkloadActual   5: 1024 op, 362665000.00 ns, 354.1650 us/op
WorkloadActual   6: 1024 op, 361389700.00 ns, 352.9196 us/op
WorkloadActual   7: 1024 op, 357865300.00 ns, 349.4778 us/op
WorkloadActual   8: 1024 op, 338459500.00 ns, 330.5269 us/op
WorkloadActual   9: 1024 op, 435077700.00 ns, 424.8806 us/op
WorkloadActual  10: 1024 op, 357240000.00 ns, 348.8672 us/op
WorkloadActual  11: 1024 op, 346013100.00 ns, 337.9034 us/op
WorkloadActual  12: 1024 op, 337361300.00 ns, 329.4544 us/op
WorkloadActual  13: 1024 op, 347189700.00 ns, 339.0524 us/op
WorkloadActual  14: 1024 op, 357642100.00 ns, 349.2599 us/op
WorkloadActual  15: 1024 op, 433932600.00 ns, 423.7623 us/op
WorkloadActual  16: 1024 op, 1193858000.00 ns, 1.1659 ms/op
WorkloadActual  17: 1024 op, 406915100.00 ns, 397.3780 us/op
WorkloadActual  18: 1024 op, 366825100.00 ns, 358.2276 us/op
WorkloadActual  19: 1024 op, 466637600.00 ns, 455.7008 us/op
WorkloadActual  20: 1024 op, 1047670000.00 ns, 1.0231 ms/op
WorkloadActual  21: 1024 op, 349266300.00 ns, 341.0804 us/op
WorkloadActual  22: 1024 op, 321289700.00 ns, 313.7595 us/op
WorkloadActual  23: 1024 op, 325013300.00 ns, 317.3958 us/op
WorkloadActual  24: 1024 op, 317779300.00 ns, 310.3313 us/op
WorkloadActual  25: 1024 op, 331513900.00 ns, 323.7440 us/op
WorkloadActual  26: 1024 op, 320878200.00 ns, 313.3576 us/op
WorkloadActual  27: 1024 op, 330232900.00 ns, 322.4931 us/op
WorkloadActual  28: 1024 op, 332944300.00 ns, 325.1409 us/op
WorkloadActual  29: 1024 op, 328069500.00 ns, 320.3804 us/op
WorkloadActual  30: 1024 op, 325385200.00 ns, 317.7590 us/op
WorkloadActual  31: 1024 op, 333356800.00 ns, 325.5437 us/op
WorkloadActual  32: 1024 op, 310213500.00 ns, 302.9429 us/op
WorkloadActual  33: 1024 op, 394679600.00 ns, 385.4293 us/op
WorkloadActual  34: 1024 op, 448535200.00 ns, 438.0227 us/op
WorkloadActual  35: 1024 op, 429481500.00 ns, 419.4155 us/op
WorkloadActual  36: 1024 op, 389674600.00 ns, 380.5416 us/op
WorkloadActual  37: 1024 op, 526560000.00 ns, 514.2188 us/op
WorkloadActual  38: 1024 op, 1014183900.00 ns, 990.4140 us/op
WorkloadActual  39: 1024 op, 709295500.00 ns, 692.6714 us/op
WorkloadActual  40: 1024 op, 594500400.00 ns, 580.5668 us/op
WorkloadActual  41: 1024 op, 499418400.00 ns, 487.7133 us/op
WorkloadActual  42: 1024 op, 445471700.00 ns, 435.0310 us/op
WorkloadActual  43: 1024 op, 427509000.00 ns, 417.4893 us/op
WorkloadActual  44: 1024 op, 454557000.00 ns, 443.9033 us/op
WorkloadActual  45: 1024 op, 904035900.00 ns, 882.8476 us/op
WorkloadActual  46: 1024 op, 1136347200.00 ns, 1.1097 ms/op
WorkloadActual  47: 1024 op, 556208900.00 ns, 543.1728 us/op
WorkloadActual  48: 1024 op, 421562100.00 ns, 411.6817 us/op
WorkloadActual  49: 1024 op, 381698600.00 ns, 372.7525 us/op
WorkloadActual  50: 1024 op, 379614200.00 ns, 370.7170 us/op
WorkloadActual  51: 1024 op, 346370500.00 ns, 338.2524 us/op
WorkloadActual  52: 1024 op, 408012100.00 ns, 398.4493 us/op
WorkloadActual  53: 1024 op, 397949300.00 ns, 388.6224 us/op
WorkloadActual  54: 1024 op, 392389900.00 ns, 383.1933 us/op
WorkloadActual  55: 1024 op, 384655700.00 ns, 375.6403 us/op
WorkloadActual  56: 1024 op, 358287400.00 ns, 349.8900 us/op
WorkloadActual  57: 1024 op, 356288500.00 ns, 347.9380 us/op
WorkloadActual  58: 1024 op, 370936200.00 ns, 362.2424 us/op
WorkloadActual  59: 1024 op, 682425700.00 ns, 666.4313 us/op
WorkloadActual  60: 1024 op, 993089100.00 ns, 969.8136 us/op
WorkloadActual  61: 1024 op, 625496500.00 ns, 610.8364 us/op
WorkloadActual  62: 1024 op, 625102100.00 ns, 610.4513 us/op
WorkloadActual  63: 1024 op, 546121800.00 ns, 533.3221 us/op
WorkloadActual  64: 1024 op, 460463800.00 ns, 449.6717 us/op
WorkloadActual  65: 1024 op, 464378700.00 ns, 453.4948 us/op
WorkloadActual  66: 1024 op, 464791100.00 ns, 453.8976 us/op
WorkloadActual  67: 1024 op, 398347100.00 ns, 389.0108 us/op
WorkloadActual  68: 1024 op, 365283700.00 ns, 356.7224 us/op
WorkloadActual  69: 1024 op, 355109700.00 ns, 346.7868 us/op
WorkloadActual  70: 1024 op, 361273400.00 ns, 352.8061 us/op
WorkloadActual  71: 1024 op, 351286600.00 ns, 343.0533 us/op
WorkloadActual  72: 1024 op, 341532600.00 ns, 333.5279 us/op
WorkloadActual  73: 1024 op, 294644400.00 ns, 287.7387 us/op
WorkloadActual  74: 1024 op, 330758600.00 ns, 323.0064 us/op
WorkloadActual  75: 1024 op, 312028600.00 ns, 304.7154 us/op
WorkloadActual  76: 1024 op, 316435700.00 ns, 309.0192 us/op
WorkloadActual  77: 1024 op, 325101500.00 ns, 317.4819 us/op
WorkloadActual  78: 1024 op, 326128900.00 ns, 318.4853 us/op
WorkloadActual  79: 1024 op, 334968300.00 ns, 327.1175 us/op
WorkloadActual  80: 1024 op, 399641300.00 ns, 390.2747 us/op
WorkloadActual  81: 1024 op, 861986000.00 ns, 841.7832 us/op
WorkloadActual  82: 1024 op, 845451800.00 ns, 825.6365 us/op
WorkloadActual  83: 1024 op, 483411900.00 ns, 472.0819 us/op
WorkloadActual  84: 1024 op, 432145000.00 ns, 422.0166 us/op
WorkloadActual  85: 1024 op, 603110700.00 ns, 588.9753 us/op
WorkloadActual  86: 1024 op, 433927700.00 ns, 423.7575 us/op
WorkloadActual  87: 1024 op, 359491300.00 ns, 351.0657 us/op
WorkloadActual  88: 1024 op, 467510000.00 ns, 456.5527 us/op
WorkloadActual  89: 1024 op, 449641400.00 ns, 439.1029 us/op
WorkloadActual  90: 1024 op, 428428100.00 ns, 418.3868 us/op
WorkloadActual  91: 1024 op, 351758400.00 ns, 343.5141 us/op
WorkloadActual  92: 1024 op, 369005500.00 ns, 360.3569 us/op
WorkloadActual  93: 1024 op, 402724100.00 ns, 393.2853 us/op
WorkloadActual  94: 1024 op, 621555900.00 ns, 606.9882 us/op
WorkloadActual  95: 1024 op, 396599200.00 ns, 387.3039 us/op
WorkloadActual  96: 1024 op, 396249700.00 ns, 386.9626 us/op
WorkloadActual  97: 1024 op, 420005900.00 ns, 410.1620 us/op
WorkloadActual  98: 1024 op, 372238700.00 ns, 363.5144 us/op
WorkloadActual  99: 1024 op, 403585200.00 ns, 394.1262 us/op
WorkloadActual  100: 1024 op, 365183400.00 ns, 356.6244 us/op

// AfterActualRun
WorkloadResult   1: 1024 op, 366836700.00 ns, 358.2390 us/op
WorkloadResult   2: 1024 op, 464779100.00 ns, 453.8858 us/op
WorkloadResult   3: 1024 op, 431665000.00 ns, 421.5479 us/op
WorkloadResult   4: 1024 op, 421704200.00 ns, 411.8205 us/op
WorkloadResult   5: 1024 op, 362662300.00 ns, 354.1624 us/op
WorkloadResult   6: 1024 op, 361387000.00 ns, 352.9170 us/op
WorkloadResult   7: 1024 op, 357862600.00 ns, 349.4752 us/op
WorkloadResult   8: 1024 op, 338456800.00 ns, 330.5242 us/op
WorkloadResult   9: 1024 op, 435075000.00 ns, 424.8779 us/op
WorkloadResult  10: 1024 op, 357237300.00 ns, 348.8646 us/op
WorkloadResult  11: 1024 op, 346010400.00 ns, 337.9008 us/op
WorkloadResult  12: 1024 op, 337358600.00 ns, 329.4518 us/op
WorkloadResult  13: 1024 op, 347187000.00 ns, 339.0498 us/op
WorkloadResult  14: 1024 op, 357639400.00 ns, 349.2572 us/op
WorkloadResult  15: 1024 op, 433929900.00 ns, 423.7597 us/op
WorkloadResult  16: 1024 op, 406912400.00 ns, 397.3754 us/op
WorkloadResult  17: 1024 op, 366822400.00 ns, 358.2250 us/op
WorkloadResult  18: 1024 op, 466634900.00 ns, 455.6981 us/op
WorkloadResult  19: 1024 op, 349263600.00 ns, 341.0777 us/op
WorkloadResult  20: 1024 op, 321287000.00 ns, 313.7568 us/op
WorkloadResult  21: 1024 op, 325010600.00 ns, 317.3932 us/op
WorkloadResult  22: 1024 op, 317776600.00 ns, 310.3287 us/op
WorkloadResult  23: 1024 op, 331511200.00 ns, 323.7414 us/op
WorkloadResult  24: 1024 op, 320875500.00 ns, 313.3550 us/op
WorkloadResult  25: 1024 op, 330230200.00 ns, 322.4904 us/op
WorkloadResult  26: 1024 op, 332941600.00 ns, 325.1383 us/op
WorkloadResult  27: 1024 op, 328066800.00 ns, 320.3777 us/op
WorkloadResult  28: 1024 op, 325382500.00 ns, 317.7563 us/op
WorkloadResult  29: 1024 op, 333354100.00 ns, 325.5411 us/op
WorkloadResult  30: 1024 op, 310210800.00 ns, 302.9402 us/op
WorkloadResult  31: 1024 op, 394676900.00 ns, 385.4267 us/op
WorkloadResult  32: 1024 op, 448532500.00 ns, 438.0200 us/op
WorkloadResult  33: 1024 op, 429478800.00 ns, 419.4129 us/op
WorkloadResult  34: 1024 op, 389671900.00 ns, 380.5390 us/op
WorkloadResult  35: 1024 op, 526557300.00 ns, 514.2161 us/op
WorkloadResult  36: 1024 op, 594497700.00 ns, 580.5642 us/op
WorkloadResult  37: 1024 op, 499415700.00 ns, 487.7106 us/op
WorkloadResult  38: 1024 op, 445469000.00 ns, 435.0283 us/op
WorkloadResult  39: 1024 op, 427506300.00 ns, 417.4866 us/op
WorkloadResult  40: 1024 op, 454554300.00 ns, 443.9007 us/op
WorkloadResult  41: 1024 op, 556206200.00 ns, 543.1701 us/op
WorkloadResult  42: 1024 op, 421559400.00 ns, 411.6791 us/op
WorkloadResult  43: 1024 op, 381695900.00 ns, 372.7499 us/op
WorkloadResult  44: 1024 op, 379611500.00 ns, 370.7144 us/op
WorkloadResult  45: 1024 op, 346367800.00 ns, 338.2498 us/op
WorkloadResult  46: 1024 op, 408009400.00 ns, 398.4467 us/op
WorkloadResult  47: 1024 op, 397946600.00 ns, 388.6197 us/op
WorkloadResult  48: 1024 op, 392387200.00 ns, 383.1906 us/op
WorkloadResult  49: 1024 op, 384653000.00 ns, 375.6377 us/op
WorkloadResult  50: 1024 op, 358284700.00 ns, 349.8874 us/op
WorkloadResult  51: 1024 op, 356285800.00 ns, 347.9354 us/op
WorkloadResult  52: 1024 op, 370933500.00 ns, 362.2397 us/op
WorkloadResult  53: 1024 op, 625493800.00 ns, 610.8338 us/op
WorkloadResult  54: 1024 op, 625099400.00 ns, 610.4486 us/op
WorkloadResult  55: 1024 op, 546119100.00 ns, 533.3194 us/op
WorkloadResult  56: 1024 op, 460461100.00 ns, 449.6690 us/op
WorkloadResult  57: 1024 op, 464376000.00 ns, 453.4922 us/op
WorkloadResult  58: 1024 op, 464788400.00 ns, 453.8949 us/op
WorkloadResult  59: 1024 op, 398344400.00 ns, 389.0082 us/op
WorkloadResult  60: 1024 op, 365281000.00 ns, 356.7197 us/op
WorkloadResult  61: 1024 op, 355107000.00 ns, 346.7842 us/op
WorkloadResult  62: 1024 op, 361270700.00 ns, 352.8034 us/op
WorkloadResult  63: 1024 op, 351283900.00 ns, 343.0507 us/op
WorkloadResult  64: 1024 op, 341529900.00 ns, 333.5253 us/op
WorkloadResult  65: 1024 op, 294641700.00 ns, 287.7360 us/op
WorkloadResult  66: 1024 op, 330755900.00 ns, 323.0038 us/op
WorkloadResult  67: 1024 op, 312025900.00 ns, 304.7128 us/op
WorkloadResult  68: 1024 op, 316433000.00 ns, 309.0166 us/op
WorkloadResult  69: 1024 op, 325098800.00 ns, 317.4793 us/op
WorkloadResult  70: 1024 op, 326126200.00 ns, 318.4826 us/op
WorkloadResult  71: 1024 op, 334965600.00 ns, 327.1148 us/op
WorkloadResult  72: 1024 op, 399638600.00 ns, 390.2721 us/op
WorkloadResult  73: 1024 op, 483409200.00 ns, 472.0793 us/op
WorkloadResult  74: 1024 op, 432142300.00 ns, 422.0140 us/op
WorkloadResult  75: 1024 op, 603108000.00 ns, 588.9727 us/op
WorkloadResult  76: 1024 op, 433925000.00 ns, 423.7549 us/op
WorkloadResult  77: 1024 op, 359488600.00 ns, 351.0631 us/op
WorkloadResult  78: 1024 op, 467507300.00 ns, 456.5501 us/op
WorkloadResult  79: 1024 op, 449638700.00 ns, 439.1003 us/op
WorkloadResult  80: 1024 op, 428425400.00 ns, 418.3842 us/op
WorkloadResult  81: 1024 op, 351755700.00 ns, 343.5114 us/op
WorkloadResult  82: 1024 op, 369002800.00 ns, 360.3543 us/op
WorkloadResult  83: 1024 op, 402721400.00 ns, 393.2826 us/op
WorkloadResult  84: 1024 op, 621553200.00 ns, 606.9855 us/op
WorkloadResult  85: 1024 op, 396596500.00 ns, 387.3013 us/op
WorkloadResult  86: 1024 op, 396247000.00 ns, 386.9600 us/op
WorkloadResult  87: 1024 op, 420003200.00 ns, 410.1594 us/op
WorkloadResult  88: 1024 op, 372236000.00 ns, 363.5117 us/op
WorkloadResult  89: 1024 op, 403582500.00 ns, 394.1235 us/op
WorkloadResult  90: 1024 op, 365180700.00 ns, 356.6218 us/op
// GC:  0 0 0 7094320 1024
// Threading:  3072 56 1024

// AfterAll
// Benchmark Process 24496 has exited with code 0.

Mean = 390.687 μs, StdErr = 7.818 μs (2.00%), N = 90, StdDev = 74.168 μs
Min = 287.736 μs, Q1 = 338.450 μs, Median = 371.732 μs, Q3 = 423.320 μs, Max = 610.834 μs
IQR = 84.870 μs, LowerFence = 211.145 μs, UpperFence = 550.624 μs
ConfidenceInterval = [364.081 μs; 417.294 μs] (CI 99.9%), Margin = 26.606 μs (6.81% of Mean)
Skewness = 1.3, Kurtosis = 4.37, MValue = 2.23

// ** Remained 4 (66.7٪؜) benchmark(s) to run. Estimated finish 1448-02-19 13:56 (0h 5m from now) **
Setup power plan (GUID: 8c5e7fda-e8bf-4a96-9a85-a6e23a8c635c FriendlyName: أداء عالٍ)
// **************************
// Benchmark: LogQueryBenchmarks.WithoutCompiledQuery: DefaultJob [RowsToReturn=10]
// *** Execute ***
// Launch: 1 / 1
// Execute: dotnet 2751c7ea-16fb-453c-95f9-2cf2ab35a677.dll --anonymousPipes 1744 1748 --benchmarkName "LogQueryBenchmarks.WithoutCompiledQuery(RowsToReturn: 10)" --job Default --benchmarkId 2 in C:\D\github\CSharpWeekly\CompiledQueries.Benchmarks\bin\Release\net10.0\2751c7ea-16fb-453c-95f9-2cf2ab35a677\bin\Release\net10.0
// BeforeAnythingElse

// Benchmark Process Environment Information:
// BenchmarkDotNet v0.13.12
// Runtime=.NET 10.0.3 (10.0.326.7603), X64 RyuJIT AVX2
// GC=Concurrent Workstation
// HardwareIntrinsics=AVX2,AES,BMI1,BMI2,FMA,LZCNT,PCLMUL,POPCNT,AvxVnni,SERIALIZE VectorSize=256
// Job: DefaultJob

OverheadJitting  1: 1 op, 178900.00 ns, 178.9000 us/op
WorkloadJitting  1: 1 op, 443893800.00 ns, 443.8938 ms/op

OverheadJitting  2: 1 op, 400.00 ns, 400.0000 ns/op
WorkloadJitting  2: 1 op, 4943700.00 ns, 4.9437 ms/op

OverheadJitting  3: 16 op, 215000.00 ns, 13.4375 us/op
WorkloadJitting  3: 16 op, 20691000.00 ns, 1.2932 ms/op

WorkloadPilot    1: 16 op, 13257000.00 ns, 828.5625 us/op
WorkloadPilot    2: 32 op, 19410200.00 ns, 606.5688 us/op
WorkloadPilot    3: 64 op, 40456500.00 ns, 632.1328 us/op
WorkloadPilot    4: 128 op, 66494600.00 ns, 519.4891 us/op
WorkloadPilot    5: 256 op, 160349300.00 ns, 626.3645 us/op
WorkloadPilot    6: 512 op, 305001700.00 ns, 595.7064 us/op
WorkloadPilot    7: 1024 op, 617710900.00 ns, 603.2333 us/op

OverheadWarmup   1: 1024 op, 3700.00 ns, 3.6133 ns/op
OverheadWarmup   2: 1024 op, 2800.00 ns, 2.7344 ns/op
OverheadWarmup   3: 1024 op, 2600.00 ns, 2.5391 ns/op
OverheadWarmup   4: 1024 op, 2700.00 ns, 2.6367 ns/op
OverheadWarmup   5: 1024 op, 2700.00 ns, 2.6367 ns/op
OverheadWarmup   6: 1024 op, 2700.00 ns, 2.6367 ns/op
OverheadWarmup   7: 1024 op, 2700.00 ns, 2.6367 ns/op

OverheadActual   1: 1024 op, 2700.00 ns, 2.6367 ns/op
OverheadActual   2: 1024 op, 2600.00 ns, 2.5391 ns/op
OverheadActual   3: 1024 op, 2600.00 ns, 2.5391 ns/op
OverheadActual   4: 1024 op, 2800.00 ns, 2.7344 ns/op
OverheadActual   5: 1024 op, 2700.00 ns, 2.6367 ns/op
OverheadActual   6: 1024 op, 2500.00 ns, 2.4414 ns/op
OverheadActual   7: 1024 op, 2600.00 ns, 2.5391 ns/op
OverheadActual   8: 1024 op, 2600.00 ns, 2.5391 ns/op
OverheadActual   9: 1024 op, 2600.00 ns, 2.5391 ns/op
OverheadActual  10: 1024 op, 2500.00 ns, 2.4414 ns/op
OverheadActual  11: 1024 op, 2700.00 ns, 2.6367 ns/op
OverheadActual  12: 1024 op, 2700.00 ns, 2.6367 ns/op
OverheadActual  13: 1024 op, 2600.00 ns, 2.5391 ns/op
OverheadActual  14: 1024 op, 2600.00 ns, 2.5391 ns/op
OverheadActual  15: 1024 op, 2500.00 ns, 2.4414 ns/op

WorkloadWarmup   1: 1024 op, 572909400.00 ns, 559.4818 us/op
WorkloadWarmup   2: 1024 op, 571825000.00 ns, 558.4229 us/op
WorkloadWarmup   3: 1024 op, 842959800.00 ns, 823.2029 us/op
WorkloadWarmup   4: 1024 op, 1061488800.00 ns, 1.0366 ms/op
WorkloadWarmup   5: 1024 op, 955318600.00 ns, 932.9283 us/op
WorkloadWarmup   6: 1024 op, 669908800.00 ns, 654.2078 us/op
WorkloadWarmup   7: 1024 op, 518321500.00 ns, 506.1733 us/op
WorkloadWarmup   8: 1024 op, 653793600.00 ns, 638.4703 us/op
WorkloadWarmup   9: 1024 op, 465069400.00 ns, 454.1693 us/op

// BeforeActualRun
WorkloadActual   1: 1024 op, 457973900.00 ns, 447.2401 us/op
WorkloadActual   2: 1024 op, 892921200.00 ns, 871.9934 us/op
WorkloadActual   3: 1024 op, 928936700.00 ns, 907.1647 us/op
WorkloadActual   4: 1024 op, 683036700.00 ns, 667.0280 us/op
WorkloadActual   5: 1024 op, 473778600.00 ns, 462.6744 us/op
WorkloadActual   6: 1024 op, 497222500.00 ns, 485.5688 us/op
WorkloadActual   7: 1024 op, 406736000.00 ns, 397.2031 us/op
WorkloadActual   8: 1024 op, 437979000.00 ns, 427.7139 us/op
WorkloadActual   9: 1024 op, 412683200.00 ns, 403.0109 us/op
WorkloadActual  10: 1024 op, 419950700.00 ns, 410.1081 us/op
WorkloadActual  11: 1024 op, 389441500.00 ns, 380.3140 us/op
WorkloadActual  12: 1024 op, 350862500.00 ns, 342.6392 us/op
WorkloadActual  13: 1024 op, 361899300.00 ns, 353.4173 us/op
WorkloadActual  14: 1024 op, 366082000.00 ns, 357.5020 us/op
WorkloadActual  15: 1024 op, 411225800.00 ns, 401.5877 us/op
WorkloadActual  16: 1024 op, 401961800.00 ns, 392.5408 us/op
WorkloadActual  17: 1024 op, 410058900.00 ns, 400.4481 us/op
WorkloadActual  18: 1024 op, 396473000.00 ns, 387.1807 us/op
WorkloadActual  19: 1024 op, 379775300.00 ns, 370.8743 us/op
WorkloadActual  20: 1024 op, 371533600.00 ns, 362.8258 us/op
WorkloadActual  21: 1024 op, 362616700.00 ns, 354.1179 us/op
WorkloadActual  22: 1024 op, 350846500.00 ns, 342.6235 us/op
WorkloadActual  23: 1024 op, 351782100.00 ns, 343.5372 us/op
WorkloadActual  24: 1024 op, 346526100.00 ns, 338.4044 us/op
WorkloadActual  25: 1024 op, 357830700.00 ns, 349.4440 us/op
WorkloadActual  26: 1024 op, 347284900.00 ns, 339.1454 us/op
WorkloadActual  27: 1024 op, 350536500.00 ns, 342.3208 us/op
WorkloadActual  28: 1024 op, 355725000.00 ns, 347.3877 us/op
WorkloadActual  29: 1024 op, 358247700.00 ns, 349.8513 us/op
WorkloadActual  30: 1024 op, 374342300.00 ns, 365.5687 us/op
WorkloadActual  31: 1024 op, 379414400.00 ns, 370.5219 us/op
WorkloadActual  32: 1024 op, 364578700.00 ns, 356.0339 us/op
WorkloadActual  33: 1024 op, 401961700.00 ns, 392.5407 us/op
WorkloadActual  34: 1024 op, 1789971900.00 ns, 1.7480 ms/op
WorkloadActual  35: 1024 op, 984080200.00 ns, 961.0158 us/op
WorkloadActual  36: 1024 op, 657753300.00 ns, 642.3372 us/op
WorkloadActual  37: 1024 op, 555611000.00 ns, 542.5889 us/op
WorkloadActual  38: 1024 op, 511109700.00 ns, 499.1306 us/op
WorkloadActual  39: 1024 op, 482489600.00 ns, 471.1812 us/op
WorkloadActual  40: 1024 op, 492277300.00 ns, 480.7396 us/op
WorkloadActual  41: 1024 op, 903893400.00 ns, 882.7084 us/op
WorkloadActual  42: 1024 op, 839317000.00 ns, 819.6455 us/op
WorkloadActual  43: 1024 op, 545851800.00 ns, 533.0584 us/op
WorkloadActual  44: 1024 op, 523688800.00 ns, 511.4148 us/op
WorkloadActual  45: 1024 op, 527726900.00 ns, 515.3583 us/op
WorkloadActual  46: 1024 op, 448308500.00 ns, 437.8013 us/op
WorkloadActual  47: 1024 op, 399019200.00 ns, 389.6672 us/op
WorkloadActual  48: 1024 op, 379775700.00 ns, 370.8747 us/op
WorkloadActual  49: 1024 op, 377014000.00 ns, 368.1777 us/op
WorkloadActual  50: 1024 op, 365287200.00 ns, 356.7258 us/op
WorkloadActual  51: 1024 op, 494265200.00 ns, 482.6809 us/op
WorkloadActual  52: 1024 op, 485636300.00 ns, 474.2542 us/op
WorkloadActual  53: 1024 op, 447630100.00 ns, 437.1388 us/op
WorkloadActual  54: 1024 op, 489895700.00 ns, 478.4138 us/op
WorkloadActual  55: 1024 op, 393515800.00 ns, 384.2928 us/op
WorkloadActual  56: 1024 op, 381025900.00 ns, 372.0956 us/op
WorkloadActual  57: 1024 op, 365759000.00 ns, 357.1865 us/op
WorkloadActual  58: 1024 op, 490087200.00 ns, 478.6008 us/op
WorkloadActual  59: 1024 op, 655490100.00 ns, 640.1271 us/op
WorkloadActual  60: 1024 op, 401617700.00 ns, 392.2048 us/op
WorkloadActual  61: 1024 op, 391953300.00 ns, 382.7669 us/op
WorkloadActual  62: 1024 op, 413744400.00 ns, 404.0473 us/op
WorkloadActual  63: 1024 op, 411538000.00 ns, 401.8926 us/op
WorkloadActual  64: 1024 op, 434158700.00 ns, 423.9831 us/op
WorkloadActual  65: 1024 op, 459710000.00 ns, 448.9355 us/op
WorkloadActual  66: 1024 op, 417310400.00 ns, 407.5297 us/op
WorkloadActual  67: 1024 op, 362784400.00 ns, 354.2816 us/op
WorkloadActual  68: 1024 op, 379016800.00 ns, 370.1336 us/op
WorkloadActual  69: 1024 op, 379245900.00 ns, 370.3573 us/op
WorkloadActual  70: 1024 op, 383603600.00 ns, 374.6129 us/op
WorkloadActual  71: 1024 op, 384290600.00 ns, 375.2838 us/op
WorkloadActual  72: 1024 op, 399997600.00 ns, 390.6227 us/op
WorkloadActual  73: 1024 op, 420133600.00 ns, 410.2867 us/op
WorkloadActual  74: 1024 op, 403889500.00 ns, 394.4233 us/op
WorkloadActual  75: 1024 op, 355257800.00 ns, 346.9314 us/op
WorkloadActual  76: 1024 op, 331407200.00 ns, 323.6398 us/op
WorkloadActual  77: 1024 op, 378796600.00 ns, 369.9186 us/op
WorkloadActual  78: 1024 op, 392334500.00 ns, 383.1392 us/op
WorkloadActual  79: 1024 op, 426721900.00 ns, 416.7206 us/op
WorkloadActual  80: 1024 op, 459607200.00 ns, 448.8352 us/op
WorkloadActual  81: 1024 op, 409297500.00 ns, 399.7046 us/op
WorkloadActual  82: 1024 op, 401279500.00 ns, 391.8745 us/op
WorkloadActual  83: 1024 op, 341043700.00 ns, 333.0505 us/op
WorkloadActual  84: 1024 op, 339152000.00 ns, 331.2031 us/op
WorkloadActual  85: 1024 op, 331636400.00 ns, 323.8637 us/op
WorkloadActual  86: 1024 op, 324178800.00 ns, 316.5809 us/op
WorkloadActual  87: 1024 op, 308101900.00 ns, 300.8808 us/op
WorkloadActual  88: 1024 op, 322201000.00 ns, 314.6494 us/op
WorkloadActual  89: 1024 op, 337578200.00 ns, 329.6662 us/op
WorkloadActual  90: 1024 op, 316709600.00 ns, 309.2867 us/op
WorkloadActual  91: 1024 op, 317806700.00 ns, 310.3581 us/op
WorkloadActual  92: 1024 op, 316218500.00 ns, 308.8071 us/op
WorkloadActual  93: 1024 op, 315320500.00 ns, 307.9302 us/op
WorkloadActual  94: 1024 op, 444686900.00 ns, 434.2646 us/op
WorkloadActual  95: 1024 op, 369516600.00 ns, 360.8561 us/op
WorkloadActual  96: 1024 op, 369868600.00 ns, 361.1998 us/op
WorkloadActual  97: 1024 op, 376831700.00 ns, 367.9997 us/op
WorkloadActual  98: 1024 op, 368433100.00 ns, 359.7979 us/op
WorkloadActual  99: 1024 op, 355029500.00 ns, 346.7085 us/op
WorkloadActual  100: 1024 op, 369799000.00 ns, 361.1318 us/op

// AfterActualRun
WorkloadResult   1: 1024 op, 457971300.00 ns, 447.2376 us/op
WorkloadResult   2: 1024 op, 473776000.00 ns, 462.6719 us/op
WorkloadResult   3: 1024 op, 497219900.00 ns, 485.5663 us/op
WorkloadResult   4: 1024 op, 406733400.00 ns, 397.2006 us/op
WorkloadResult   5: 1024 op, 437976400.00 ns, 427.7113 us/op
WorkloadResult   6: 1024 op, 412680600.00 ns, 403.0084 us/op
WorkloadResult   7: 1024 op, 419948100.00 ns, 410.1056 us/op
WorkloadResult   8: 1024 op, 389438900.00 ns, 380.3114 us/op
WorkloadResult   9: 1024 op, 350859900.00 ns, 342.6366 us/op
WorkloadResult  10: 1024 op, 361896700.00 ns, 353.4147 us/op
WorkloadResult  11: 1024 op, 366079400.00 ns, 357.4994 us/op
WorkloadResult  12: 1024 op, 411223200.00 ns, 401.5852 us/op
WorkloadResult  13: 1024 op, 401959200.00 ns, 392.5383 us/op
WorkloadResult  14: 1024 op, 410056300.00 ns, 400.4456 us/op
WorkloadResult  15: 1024 op, 396470400.00 ns, 387.1781 us/op
WorkloadResult  16: 1024 op, 379772700.00 ns, 370.8718 us/op
WorkloadResult  17: 1024 op, 371531000.00 ns, 362.8232 us/op
WorkloadResult  18: 1024 op, 362614100.00 ns, 354.1153 us/op
WorkloadResult  19: 1024 op, 350843900.00 ns, 342.6210 us/op
WorkloadResult  20: 1024 op, 351779500.00 ns, 343.5347 us/op
WorkloadResult  21: 1024 op, 346523500.00 ns, 338.4019 us/op
WorkloadResult  22: 1024 op, 357828100.00 ns, 349.4415 us/op
WorkloadResult  23: 1024 op, 347282300.00 ns, 339.1429 us/op
WorkloadResult  24: 1024 op, 350533900.00 ns, 342.3183 us/op
WorkloadResult  25: 1024 op, 355722400.00 ns, 347.3852 us/op
WorkloadResult  26: 1024 op, 358245100.00 ns, 349.8487 us/op
WorkloadResult  27: 1024 op, 374339700.00 ns, 365.5661 us/op
WorkloadResult  28: 1024 op, 379411800.00 ns, 370.5193 us/op
WorkloadResult  29: 1024 op, 364576100.00 ns, 356.0313 us/op
WorkloadResult  30: 1024 op, 401959100.00 ns, 392.5382 us/op
WorkloadResult  31: 1024 op, 555608400.00 ns, 542.5863 us/op
WorkloadResult  32: 1024 op, 511107100.00 ns, 499.1280 us/op
WorkloadResult  33: 1024 op, 482487000.00 ns, 471.1787 us/op
WorkloadResult  34: 1024 op, 492274700.00 ns, 480.7370 us/op
WorkloadResult  35: 1024 op, 545849200.00 ns, 533.0559 us/op
WorkloadResult  36: 1024 op, 523686200.00 ns, 511.4123 us/op
WorkloadResult  37: 1024 op, 527724300.00 ns, 515.3558 us/op
WorkloadResult  38: 1024 op, 448305900.00 ns, 437.7987 us/op
WorkloadResult  39: 1024 op, 399016600.00 ns, 389.6646 us/op
WorkloadResult  40: 1024 op, 379773100.00 ns, 370.8722 us/op
WorkloadResult  41: 1024 op, 377011400.00 ns, 368.1752 us/op
WorkloadResult  42: 1024 op, 365284600.00 ns, 356.7232 us/op
WorkloadResult  43: 1024 op, 494262600.00 ns, 482.6783 us/op
WorkloadResult  44: 1024 op, 485633700.00 ns, 474.2517 us/op
WorkloadResult  45: 1024 op, 447627500.00 ns, 437.1362 us/op
WorkloadResult  46: 1024 op, 489893100.00 ns, 478.4112 us/op
WorkloadResult  47: 1024 op, 393513200.00 ns, 384.2902 us/op
WorkloadResult  48: 1024 op, 381023300.00 ns, 372.0931 us/op
WorkloadResult  49: 1024 op, 365756400.00 ns, 357.1840 us/op
WorkloadResult  50: 1024 op, 490084600.00 ns, 478.5982 us/op
WorkloadResult  51: 1024 op, 401615100.00 ns, 392.2022 us/op
WorkloadResult  52: 1024 op, 391950700.00 ns, 382.7644 us/op
WorkloadResult  53: 1024 op, 413741800.00 ns, 404.0447 us/op
WorkloadResult  54: 1024 op, 411535400.00 ns, 401.8900 us/op
WorkloadResult  55: 1024 op, 434156100.00 ns, 423.9806 us/op
WorkloadResult  56: 1024 op, 459707400.00 ns, 448.9330 us/op
WorkloadResult  57: 1024 op, 417307800.00 ns, 407.5271 us/op
WorkloadResult  58: 1024 op, 362781800.00 ns, 354.2791 us/op
WorkloadResult  59: 1024 op, 379014200.00 ns, 370.1311 us/op
WorkloadResult  60: 1024 op, 379243300.00 ns, 370.3548 us/op
WorkloadResult  61: 1024 op, 383601000.00 ns, 374.6104 us/op
WorkloadResult  62: 1024 op, 384288000.00 ns, 375.2812 us/op
WorkloadResult  63: 1024 op, 399995000.00 ns, 390.6201 us/op
WorkloadResult  64: 1024 op, 420131000.00 ns, 410.2842 us/op
WorkloadResult  65: 1024 op, 403886900.00 ns, 394.4208 us/op
WorkloadResult  66: 1024 op, 355255200.00 ns, 346.9289 us/op
WorkloadResult  67: 1024 op, 331404600.00 ns, 323.6373 us/op
WorkloadResult  68: 1024 op, 378794000.00 ns, 369.9160 us/op
WorkloadResult  69: 1024 op, 392331900.00 ns, 383.1366 us/op
WorkloadResult  70: 1024 op, 426719300.00 ns, 416.7181 us/op
WorkloadResult  71: 1024 op, 459604600.00 ns, 448.8326 us/op
WorkloadResult  72: 1024 op, 409294900.00 ns, 399.7021 us/op
WorkloadResult  73: 1024 op, 401276900.00 ns, 391.8720 us/op
WorkloadResult  74: 1024 op, 341041100.00 ns, 333.0479 us/op
WorkloadResult  75: 1024 op, 339149400.00 ns, 331.2006 us/op
WorkloadResult  76: 1024 op, 331633800.00 ns, 323.8611 us/op
WorkloadResult  77: 1024 op, 324176200.00 ns, 316.5783 us/op
WorkloadResult  78: 1024 op, 308099300.00 ns, 300.8782 us/op
WorkloadResult  79: 1024 op, 322198400.00 ns, 314.6469 us/op
WorkloadResult  80: 1024 op, 337575600.00 ns, 329.6637 us/op
WorkloadResult  81: 1024 op, 316707000.00 ns, 309.2842 us/op
WorkloadResult  82: 1024 op, 317804100.00 ns, 310.3556 us/op
WorkloadResult  83: 1024 op, 316215900.00 ns, 308.8046 us/op
WorkloadResult  84: 1024 op, 315317900.00 ns, 307.9276 us/op
WorkloadResult  85: 1024 op, 444684300.00 ns, 434.2620 us/op
WorkloadResult  86: 1024 op, 369514000.00 ns, 360.8535 us/op
WorkloadResult  87: 1024 op, 369866000.00 ns, 361.1973 us/op
WorkloadResult  88: 1024 op, 376829100.00 ns, 367.9972 us/op
WorkloadResult  89: 1024 op, 368430500.00 ns, 359.7954 us/op
WorkloadResult  90: 1024 op, 355026900.00 ns, 346.7060 us/op
WorkloadResult  91: 1024 op, 369796400.00 ns, 361.1293 us/op
// GC:  1 0 0 19957624 1024
// Threading:  3075 193 1024

// AfterAll
// Benchmark Process 25552 has exited with code 0.

Mean = 388.746 μs, StdErr = 5.776 μs (1.49%), N = 91, StdDev = 55.096 μs
Min = 300.878 μs, Q1 = 351.632 μs, Median = 374.610 μs, Q3 = 410.195 μs, Max = 542.586 μs
IQR = 58.563 μs, LowerFence = 263.787 μs, UpperFence = 498.040 μs
ConfidenceInterval = [369.097 μs; 408.394 μs] (CI 99.9%), Margin = 19.648 μs (5.05% of Mean)
Skewness = 0.82, Kurtosis = 3.08, MValue = 4.3

// ** Remained 3 (50.0٪؜) benchmark(s) to run. Estimated finish 1448-02-19 13:55 (0h 3m from now) **
Setup power plan (GUID: 8c5e7fda-e8bf-4a96-9a85-a6e23a8c635c FriendlyName: أداء عالٍ)
// **************************
// Benchmark: LogQueryBenchmarks.WithCompiledQuery: DefaultJob [RowsToReturn=10]
// *** Execute ***
// Launch: 1 / 1
// Execute: dotnet 2751c7ea-16fb-453c-95f9-2cf2ab35a677.dll --anonymousPipes 1784 1368 --benchmarkName "LogQueryBenchmarks.WithCompiledQuery(RowsToReturn: 10)" --job Default --benchmarkId 3 in C:\D\github\CSharpWeekly\CompiledQueries.Benchmarks\bin\Release\net10.0\2751c7ea-16fb-453c-95f9-2cf2ab35a677\bin\Release\net10.0
// BeforeAnythingElse

// Benchmark Process Environment Information:
// BenchmarkDotNet v0.13.12
// Runtime=.NET 10.0.3 (10.0.326.7603), X64 RyuJIT AVX2
// GC=Concurrent Workstation
// HardwareIntrinsics=AVX2,AES,BMI1,BMI2,FMA,LZCNT,PCLMUL,POPCNT,AvxVnni,SERIALIZE VectorSize=256
// Job: DefaultJob

OverheadJitting  1: 1 op, 288600.00 ns, 288.6000 us/op
WorkloadJitting  1: 1 op, 621261900.00 ns, 621.2619 ms/op

OverheadJitting  2: 1 op, 500.00 ns, 500.0000 ns/op
WorkloadJitting  2: 1 op, 4919900.00 ns, 4.9199 ms/op

OverheadJitting  3: 16 op, 351100.00 ns, 21.9438 us/op
WorkloadJitting  3: 16 op, 25263400.00 ns, 1.5790 ms/op

WorkloadPilot    1: 16 op, 20603000.00 ns, 1.2877 ms/op
WorkloadPilot    2: 32 op, 37319900.00 ns, 1.1662 ms/op
WorkloadPilot    3: 64 op, 61000000.00 ns, 953.1250 us/op
WorkloadPilot    4: 128 op, 95943400.00 ns, 749.5578 us/op
WorkloadPilot    5: 256 op, 209849400.00 ns, 819.7242 us/op
WorkloadPilot    6: 512 op, 384425900.00 ns, 750.8318 us/op
WorkloadPilot    7: 1024 op, 713271200.00 ns, 696.5539 us/op

OverheadWarmup   1: 1024 op, 4200.00 ns, 4.1016 ns/op
OverheadWarmup   2: 1024 op, 3700.00 ns, 3.6133 ns/op
OverheadWarmup   3: 1024 op, 3000.00 ns, 2.9297 ns/op
OverheadWarmup   4: 1024 op, 3100.00 ns, 3.0273 ns/op
OverheadWarmup   5: 1024 op, 3000.00 ns, 2.9297 ns/op
OverheadWarmup   6: 1024 op, 3000.00 ns, 2.9297 ns/op
OverheadWarmup   7: 1024 op, 3100.00 ns, 3.0273 ns/op

OverheadActual   1: 1024 op, 3200.00 ns, 3.1250 ns/op
OverheadActual   2: 1024 op, 3000.00 ns, 2.9297 ns/op
OverheadActual   3: 1024 op, 3000.00 ns, 2.9297 ns/op
OverheadActual   4: 1024 op, 3100.00 ns, 3.0273 ns/op
OverheadActual   5: 1024 op, 3100.00 ns, 3.0273 ns/op
OverheadActual   6: 1024 op, 3100.00 ns, 3.0273 ns/op
OverheadActual   7: 1024 op, 3300.00 ns, 3.2227 ns/op
OverheadActual   8: 1024 op, 2900.00 ns, 2.8320 ns/op
OverheadActual   9: 1024 op, 3000.00 ns, 2.9297 ns/op
OverheadActual  10: 1024 op, 3100.00 ns, 3.0273 ns/op
OverheadActual  11: 1024 op, 3500.00 ns, 3.4180 ns/op
OverheadActual  12: 1024 op, 3000.00 ns, 2.9297 ns/op
OverheadActual  13: 1024 op, 2900.00 ns, 2.8320 ns/op
OverheadActual  14: 1024 op, 3000.00 ns, 2.9297 ns/op
OverheadActual  15: 1024 op, 3000.00 ns, 2.9297 ns/op

WorkloadWarmup   1: 1024 op, 574194100.00 ns, 560.7364 us/op
WorkloadWarmup   2: 1024 op, 384183200.00 ns, 375.1789 us/op
WorkloadWarmup   3: 1024 op, 408346600.00 ns, 398.7760 us/op
WorkloadWarmup   4: 1024 op, 481820100.00 ns, 470.5274 us/op
WorkloadWarmup   5: 1024 op, 469709600.00 ns, 458.7008 us/op
WorkloadWarmup   6: 1024 op, 449673100.00 ns, 439.1339 us/op
WorkloadWarmup   7: 1024 op, 361152900.00 ns, 352.6884 us/op
WorkloadWarmup   8: 1024 op, 370250800.00 ns, 361.5730 us/op
WorkloadWarmup   9: 1024 op, 391504900.00 ns, 382.3290 us/op
WorkloadWarmup  10: 1024 op, 332874700.00 ns, 325.0729 us/op

// BeforeActualRun
WorkloadActual   1: 1024 op, 383919800.00 ns, 374.9217 us/op
WorkloadActual   2: 1024 op, 432052200.00 ns, 421.9260 us/op
WorkloadActual   3: 1024 op, 365145800.00 ns, 356.5877 us/op
WorkloadActual   4: 1024 op, 360067400.00 ns, 351.6283 us/op
WorkloadActual   5: 1024 op, 371377200.00 ns, 362.6730 us/op
WorkloadActual   6: 1024 op, 400204100.00 ns, 390.8243 us/op
WorkloadActual   7: 1024 op, 335409400.00 ns, 327.5482 us/op
WorkloadActual   8: 1024 op, 340767800.00 ns, 332.7811 us/op
WorkloadActual   9: 1024 op, 361886000.00 ns, 353.4043 us/op
WorkloadActual  10: 1024 op, 305479500.00 ns, 298.3198 us/op
WorkloadActual  11: 1024 op, 567553500.00 ns, 554.2515 us/op
WorkloadActual  12: 1024 op, 361146300.00 ns, 352.6819 us/op
WorkloadActual  13: 1024 op, 381151500.00 ns, 372.2183 us/op
WorkloadActual  14: 1024 op, 446026100.00 ns, 435.5724 us/op
WorkloadActual  15: 1024 op, 389425800.00 ns, 380.2986 us/op
WorkloadActual  16: 1024 op, 356875700.00 ns, 348.5114 us/op
WorkloadActual  17: 1024 op, 390413600.00 ns, 381.2633 us/op
WorkloadActual  18: 1024 op, 371971200.00 ns, 363.2531 us/op
WorkloadActual  19: 1024 op, 460705400.00 ns, 449.9076 us/op
WorkloadActual  20: 1024 op, 849427200.00 ns, 829.5187 us/op
WorkloadActual  21: 1024 op, 652132400.00 ns, 636.8480 us/op
WorkloadActual  22: 1024 op, 534334200.00 ns, 521.8107 us/op
WorkloadActual  23: 1024 op, 554338700.00 ns, 541.3464 us/op
WorkloadActual  24: 1024 op, 471394000.00 ns, 460.3457 us/op
WorkloadActual  25: 1024 op, 341225000.00 ns, 333.2275 us/op
WorkloadActual  26: 1024 op, 347178200.00 ns, 339.0412 us/op
WorkloadActual  27: 1024 op, 441133800.00 ns, 430.7947 us/op
WorkloadActual  28: 1024 op, 436615500.00 ns, 426.3823 us/op
WorkloadActual  29: 1024 op, 378161600.00 ns, 369.2984 us/op
WorkloadActual  30: 1024 op, 322191600.00 ns, 314.6402 us/op
WorkloadActual  31: 1024 op, 323714200.00 ns, 316.1271 us/op
WorkloadActual  32: 1024 op, 325932000.00 ns, 318.2930 us/op
WorkloadActual  33: 1024 op, 330662300.00 ns, 322.9124 us/op
WorkloadActual  34: 1024 op, 364537400.00 ns, 355.9936 us/op
WorkloadActual  35: 1024 op, 457946800.00 ns, 447.2137 us/op
WorkloadActual  36: 1024 op, 405043200.00 ns, 395.5500 us/op
WorkloadActual  37: 1024 op, 379438200.00 ns, 370.5451 us/op
WorkloadActual  38: 1024 op, 324755300.00 ns, 317.1438 us/op
WorkloadActual  39: 1024 op, 346034000.00 ns, 337.9238 us/op
WorkloadActual  40: 1024 op, 347993400.00 ns, 339.8373 us/op
WorkloadActual  41: 1024 op, 341886200.00 ns, 333.8732 us/op
WorkloadActual  42: 1024 op, 391814300.00 ns, 382.6312 us/op
WorkloadActual  43: 1024 op, 344015900.00 ns, 335.9530 us/op
WorkloadActual  44: 1024 op, 341903900.00 ns, 333.8905 us/op
WorkloadActual  45: 1024 op, 348407400.00 ns, 340.2416 us/op
WorkloadActual  46: 1024 op, 353539900.00 ns, 345.2538 us/op
WorkloadActual  47: 1024 op, 337051600.00 ns, 329.1520 us/op
WorkloadActual  48: 1024 op, 341756300.00 ns, 333.7464 us/op
WorkloadActual  49: 1024 op, 367975500.00 ns, 359.3511 us/op
WorkloadActual  50: 1024 op, 414499400.00 ns, 404.7846 us/op
WorkloadActual  51: 1024 op, 409036000.00 ns, 399.4492 us/op
WorkloadActual  52: 1024 op, 345688900.00 ns, 337.5868 us/op
WorkloadActual  53: 1024 op, 380794300.00 ns, 371.8694 us/op
WorkloadActual  54: 1024 op, 514634300.00 ns, 502.5726 us/op
WorkloadActual  55: 1024 op, 793628600.00 ns, 775.0279 us/op
WorkloadActual  56: 1024 op, 594101400.00 ns, 580.1771 us/op
WorkloadActual  57: 1024 op, 1544634300.00 ns, 1.5084 ms/op
WorkloadActual  58: 1024 op, 900426700.00 ns, 879.3229 us/op
WorkloadActual  59: 1024 op, 446085900.00 ns, 435.6308 us/op
WorkloadActual  60: 1024 op, 408687400.00 ns, 399.1088 us/op
WorkloadActual  61: 1024 op, 388494700.00 ns, 379.3894 us/op
WorkloadActual  62: 1024 op, 368034300.00 ns, 359.4085 us/op
WorkloadActual  63: 1024 op, 345093500.00 ns, 337.0054 us/op
WorkloadActual  64: 1024 op, 344130300.00 ns, 336.0647 us/op
WorkloadActual  65: 1024 op, 371120000.00 ns, 362.4219 us/op
WorkloadActual  66: 1024 op, 455064000.00 ns, 444.3984 us/op
WorkloadActual  67: 1024 op, 440569100.00 ns, 430.2433 us/op
WorkloadActual  68: 1024 op, 379054600.00 ns, 370.1705 us/op
WorkloadActual  69: 1024 op, 344118800.00 ns, 336.0535 us/op
WorkloadActual  70: 1024 op, 385679900.00 ns, 376.6405 us/op
WorkloadActual  71: 1024 op, 345867000.00 ns, 337.7607 us/op
WorkloadActual  72: 1024 op, 317463500.00 ns, 310.0229 us/op
WorkloadActual  73: 1024 op, 318882600.00 ns, 311.4088 us/op
WorkloadActual  74: 1024 op, 315263000.00 ns, 307.8740 us/op
WorkloadActual  75: 1024 op, 450574900.00 ns, 440.0146 us/op
WorkloadActual  76: 1024 op, 389102500.00 ns, 379.9829 us/op
WorkloadActual  77: 1024 op, 405573000.00 ns, 396.0674 us/op
WorkloadActual  78: 1024 op, 406907000.00 ns, 397.3701 us/op
WorkloadActual  79: 1024 op, 410435600.00 ns, 400.8160 us/op
WorkloadActual  80: 1024 op, 358904200.00 ns, 350.4924 us/op
WorkloadActual  81: 1024 op, 350900300.00 ns, 342.6761 us/op
WorkloadActual  82: 1024 op, 368501300.00 ns, 359.8646 us/op
WorkloadActual  83: 1024 op, 404535400.00 ns, 395.0541 us/op
WorkloadActual  84: 1024 op, 351753600.00 ns, 343.5094 us/op
WorkloadActual  85: 1024 op, 368194800.00 ns, 359.5652 us/op
WorkloadActual  86: 1024 op, 465062700.00 ns, 454.1628 us/op
WorkloadActual  87: 1024 op, 378425800.00 ns, 369.5564 us/op
WorkloadActual  88: 1024 op, 380895700.00 ns, 371.9685 us/op
WorkloadActual  89: 1024 op, 385255200.00 ns, 376.2258 us/op
WorkloadActual  90: 1024 op, 621119200.00 ns, 606.5617 us/op
WorkloadActual  91: 1024 op, 618070400.00 ns, 603.5844 us/op
WorkloadActual  92: 1024 op, 924892800.00 ns, 903.2156 us/op
WorkloadActual  93: 1024 op, 646349000.00 ns, 631.2002 us/op
WorkloadActual  94: 1024 op, 497334300.00 ns, 485.6780 us/op
WorkloadActual  95: 1024 op, 419171100.00 ns, 409.3468 us/op
WorkloadActual  96: 1024 op, 489225900.00 ns, 477.7597 us/op
WorkloadActual  97: 1024 op, 458568500.00 ns, 447.8208 us/op
WorkloadActual  98: 1024 op, 414699600.00 ns, 404.9801 us/op
WorkloadActual  99: 1024 op, 373995100.00 ns, 365.2296 us/op
WorkloadActual  100: 1024 op, 435735700.00 ns, 425.5231 us/op

// AfterActualRun
WorkloadResult   1: 1024 op, 383916800.00 ns, 374.9187 us/op
WorkloadResult   2: 1024 op, 432049200.00 ns, 421.9230 us/op
WorkloadResult   3: 1024 op, 365142800.00 ns, 356.5848 us/op
WorkloadResult   4: 1024 op, 360064400.00 ns, 351.6254 us/op
WorkloadResult   5: 1024 op, 371374200.00 ns, 362.6701 us/op
WorkloadResult   6: 1024 op, 400201100.00 ns, 390.8214 us/op
WorkloadResult   7: 1024 op, 335406400.00 ns, 327.5453 us/op
WorkloadResult   8: 1024 op, 340764800.00 ns, 332.7781 us/op
WorkloadResult   9: 1024 op, 361883000.00 ns, 353.4014 us/op
WorkloadResult  10: 1024 op, 305476500.00 ns, 298.3169 us/op
WorkloadResult  11: 1024 op, 567550500.00 ns, 554.2485 us/op
WorkloadResult  12: 1024 op, 361143300.00 ns, 352.6790 us/op
WorkloadResult  13: 1024 op, 381148500.00 ns, 372.2153 us/op
WorkloadResult  14: 1024 op, 446023100.00 ns, 435.5694 us/op
WorkloadResult  15: 1024 op, 389422800.00 ns, 380.2957 us/op
WorkloadResult  16: 1024 op, 356872700.00 ns, 348.5085 us/op
WorkloadResult  17: 1024 op, 390410600.00 ns, 381.2604 us/op
WorkloadResult  18: 1024 op, 371968200.00 ns, 363.2502 us/op
WorkloadResult  19: 1024 op, 460702400.00 ns, 449.9047 us/op
WorkloadResult  20: 1024 op, 534331200.00 ns, 521.8078 us/op
WorkloadResult  21: 1024 op, 554335700.00 ns, 541.3435 us/op
WorkloadResult  22: 1024 op, 471391000.00 ns, 460.3428 us/op
WorkloadResult  23: 1024 op, 341222000.00 ns, 333.2246 us/op
WorkloadResult  24: 1024 op, 347175200.00 ns, 339.0383 us/op
WorkloadResult  25: 1024 op, 441130800.00 ns, 430.7918 us/op
WorkloadResult  26: 1024 op, 436612500.00 ns, 426.3794 us/op
WorkloadResult  27: 1024 op, 378158600.00 ns, 369.2955 us/op
WorkloadResult  28: 1024 op, 322188600.00 ns, 314.6373 us/op
WorkloadResult  29: 1024 op, 323711200.00 ns, 316.1242 us/op
WorkloadResult  30: 1024 op, 325929000.00 ns, 318.2900 us/op
WorkloadResult  31: 1024 op, 330659300.00 ns, 322.9095 us/op
WorkloadResult  32: 1024 op, 364534400.00 ns, 355.9906 us/op
WorkloadResult  33: 1024 op, 457943800.00 ns, 447.2107 us/op
WorkloadResult  34: 1024 op, 405040200.00 ns, 395.5471 us/op
WorkloadResult  35: 1024 op, 379435200.00 ns, 370.5422 us/op
WorkloadResult  36: 1024 op, 324752300.00 ns, 317.1409 us/op
WorkloadResult  37: 1024 op, 346031000.00 ns, 337.9209 us/op
WorkloadResult  38: 1024 op, 347990400.00 ns, 339.8344 us/op
WorkloadResult  39: 1024 op, 341883200.00 ns, 333.8703 us/op
WorkloadResult  40: 1024 op, 391811300.00 ns, 382.6282 us/op
WorkloadResult  41: 1024 op, 344012900.00 ns, 335.9501 us/op
WorkloadResult  42: 1024 op, 341900900.00 ns, 333.8876 us/op
WorkloadResult  43: 1024 op, 348404400.00 ns, 340.2387 us/op
WorkloadResult  44: 1024 op, 353536900.00 ns, 345.2509 us/op
WorkloadResult  45: 1024 op, 337048600.00 ns, 329.1490 us/op
WorkloadResult  46: 1024 op, 341753300.00 ns, 333.7435 us/op
WorkloadResult  47: 1024 op, 367972500.00 ns, 359.3481 us/op
WorkloadResult  48: 1024 op, 414496400.00 ns, 404.7816 us/op
WorkloadResult  49: 1024 op, 409033000.00 ns, 399.4463 us/op
WorkloadResult  50: 1024 op, 345685900.00 ns, 337.5839 us/op
WorkloadResult  51: 1024 op, 380791300.00 ns, 371.8665 us/op
WorkloadResult  52: 1024 op, 514631300.00 ns, 502.5696 us/op
WorkloadResult  53: 1024 op, 446082900.00 ns, 435.6278 us/op
WorkloadResult  54: 1024 op, 408684400.00 ns, 399.1059 us/op
WorkloadResult  55: 1024 op, 388491700.00 ns, 379.3864 us/op
WorkloadResult  56: 1024 op, 368031300.00 ns, 359.4056 us/op
WorkloadResult  57: 1024 op, 345090500.00 ns, 337.0024 us/op
WorkloadResult  58: 1024 op, 344127300.00 ns, 336.0618 us/op
WorkloadResult  59: 1024 op, 371117000.00 ns, 362.4189 us/op
WorkloadResult  60: 1024 op, 455061000.00 ns, 444.3955 us/op
WorkloadResult  61: 1024 op, 440566100.00 ns, 430.2403 us/op
WorkloadResult  62: 1024 op, 379051600.00 ns, 370.1676 us/op
WorkloadResult  63: 1024 op, 344115800.00 ns, 336.0506 us/op
WorkloadResult  64: 1024 op, 385676900.00 ns, 376.6376 us/op
WorkloadResult  65: 1024 op, 345864000.00 ns, 337.7578 us/op
WorkloadResult  66: 1024 op, 317460500.00 ns, 310.0200 us/op
WorkloadResult  67: 1024 op, 318879600.00 ns, 311.4059 us/op
WorkloadResult  68: 1024 op, 315260000.00 ns, 307.8711 us/op
WorkloadResult  69: 1024 op, 450571900.00 ns, 440.0116 us/op
WorkloadResult  70: 1024 op, 389099500.00 ns, 379.9800 us/op
WorkloadResult  71: 1024 op, 405570000.00 ns, 396.0645 us/op
WorkloadResult  72: 1024 op, 406904000.00 ns, 397.3672 us/op
WorkloadResult  73: 1024 op, 410432600.00 ns, 400.8131 us/op
WorkloadResult  74: 1024 op, 358901200.00 ns, 350.4895 us/op
WorkloadResult  75: 1024 op, 350897300.00 ns, 342.6731 us/op
WorkloadResult  76: 1024 op, 368498300.00 ns, 359.8616 us/op
WorkloadResult  77: 1024 op, 404532400.00 ns, 395.0512 us/op
WorkloadResult  78: 1024 op, 351750600.00 ns, 343.5064 us/op
WorkloadResult  79: 1024 op, 368191800.00 ns, 359.5623 us/op
WorkloadResult  80: 1024 op, 465059700.00 ns, 454.1599 us/op
WorkloadResult  81: 1024 op, 378422800.00 ns, 369.5535 us/op
WorkloadResult  82: 1024 op, 380892700.00 ns, 371.9655 us/op
WorkloadResult  83: 1024 op, 385252200.00 ns, 376.2229 us/op
WorkloadResult  84: 1024 op, 497331300.00 ns, 485.6751 us/op
WorkloadResult  85: 1024 op, 419168100.00 ns, 409.3438 us/op
WorkloadResult  86: 1024 op, 489222900.00 ns, 477.7567 us/op
WorkloadResult  87: 1024 op, 458565500.00 ns, 447.8179 us/op
WorkloadResult  88: 1024 op, 414696600.00 ns, 404.9771 us/op
WorkloadResult  89: 1024 op, 373992100.00 ns, 365.2267 us/op
WorkloadResult  90: 1024 op, 435732700.00 ns, 425.5202 us/op
// GC:  0 0 0 8864416 1024
// Threading:  3072 53 1024

// AfterAll
// Benchmark Process 19056 has exited with code 0.

Mean = 379.604 μs, StdErr = 5.644 μs (1.49%), N = 90, StdDev = 53.541 μs
Min = 298.317 μs, Q1 = 338.200 μs, Median = 369.425 μs, Q3 = 403.790 μs, Max = 554.249 μs
IQR = 65.589 μs, LowerFence = 239.816 μs, UpperFence = 502.173 μs
ConfidenceInterval = [360.397 μs; 398.811 μs] (CI 99.9%), Margin = 19.207 μs (5.06% of Mean)
Skewness = 1.1, Kurtosis = 4, MValue = 2.8

// ** Remained 2 (33.3٪؜) benchmark(s) to run. Estimated finish 1448-02-19 13:55 (0h 2m from now) **
Setup power plan (GUID: 8c5e7fda-e8bf-4a96-9a85-a6e23a8c635c FriendlyName: أداء عالٍ)
// **************************
// Benchmark: LogQueryBenchmarks.WithoutCompiledQuery: DefaultJob [RowsToReturn=100]
// *** Execute ***
// Launch: 1 / 1
// Execute: dotnet 2751c7ea-16fb-453c-95f9-2cf2ab35a677.dll --anonymousPipes 636 1632 --benchmarkName "LogQueryBenchmarks.WithoutCompiledQuery(RowsToReturn: 100)" --job Default --benchmarkId 4 in C:\D\github\CSharpWeekly\CompiledQueries.Benchmarks\bin\Release\net10.0\2751c7ea-16fb-453c-95f9-2cf2ab35a677\bin\Release\net10.0
// BeforeAnythingElse

// Benchmark Process Environment Information:
// BenchmarkDotNet v0.13.12
// Runtime=.NET 10.0.3 (10.0.326.7603), X64 RyuJIT AVX2
// GC=Concurrent Workstation
// HardwareIntrinsics=AVX2,AES,BMI1,BMI2,FMA,LZCNT,PCLMUL,POPCNT,AvxVnni,SERIALIZE VectorSize=256
// Job: DefaultJob

OverheadJitting  1: 1 op, 233700.00 ns, 233.7000 us/op
WorkloadJitting  1: 1 op, 451471000.00 ns, 451.4710 ms/op

OverheadJitting  2: 1 op, 400.00 ns, 400.0000 ns/op
WorkloadJitting  2: 1 op, 4679300.00 ns, 4.6793 ms/op

OverheadJitting  3: 16 op, 217100.00 ns, 13.5687 us/op
WorkloadJitting  3: 16 op, 18239000.00 ns, 1.1399 ms/op

WorkloadPilot    1: 16 op, 10715000.00 ns, 669.6875 us/op
WorkloadPilot    2: 32 op, 18676100.00 ns, 583.6281 us/op
WorkloadPilot    3: 64 op, 40960200.00 ns, 640.0031 us/op
WorkloadPilot    4: 128 op, 86441400.00 ns, 675.3234 us/op
WorkloadPilot    5: 256 op, 211828200.00 ns, 827.4539 us/op
WorkloadPilot    6: 512 op, 312357300.00 ns, 610.0729 us/op
WorkloadPilot    7: 1024 op, 595401800.00 ns, 581.4471 us/op

OverheadWarmup   1: 1024 op, 3400.00 ns, 3.3203 ns/op
OverheadWarmup   2: 1024 op, 2800.00 ns, 2.7344 ns/op
OverheadWarmup   3: 1024 op, 2900.00 ns, 2.8320 ns/op
OverheadWarmup   4: 1024 op, 2700.00 ns, 2.6367 ns/op
OverheadWarmup   5: 1024 op, 2700.00 ns, 2.6367 ns/op
OverheadWarmup   6: 1024 op, 2700.00 ns, 2.6367 ns/op

OverheadActual   1: 1024 op, 2600.00 ns, 2.5391 ns/op
OverheadActual   2: 1024 op, 2800.00 ns, 2.7344 ns/op
OverheadActual   3: 1024 op, 2700.00 ns, 2.6367 ns/op
OverheadActual   4: 1024 op, 2700.00 ns, 2.6367 ns/op
OverheadActual   5: 1024 op, 2600.00 ns, 2.5391 ns/op
OverheadActual   6: 1024 op, 2700.00 ns, 2.6367 ns/op
OverheadActual   7: 1024 op, 2600.00 ns, 2.5391 ns/op
OverheadActual   8: 1024 op, 2600.00 ns, 2.5391 ns/op
OverheadActual   9: 1024 op, 2700.00 ns, 2.6367 ns/op
OverheadActual  10: 1024 op, 2700.00 ns, 2.6367 ns/op
OverheadActual  11: 1024 op, 2600.00 ns, 2.5391 ns/op
OverheadActual  12: 1024 op, 2600.00 ns, 2.5391 ns/op
OverheadActual  13: 1024 op, 2600.00 ns, 2.5391 ns/op
OverheadActual  14: 1024 op, 2800.00 ns, 2.7344 ns/op
OverheadActual  15: 1024 op, 2600.00 ns, 2.5391 ns/op

WorkloadWarmup   1: 1024 op, 597698100.00 ns, 583.6896 us/op
WorkloadWarmup   2: 1024 op, 722570800.00 ns, 705.6355 us/op
WorkloadWarmup   3: 1024 op, 1369784900.00 ns, 1.3377 ms/op
WorkloadWarmup   4: 1024 op, 431114700.00 ns, 421.0104 us/op
WorkloadWarmup   5: 1024 op, 465308000.00 ns, 454.4023 us/op
WorkloadWarmup   6: 1024 op, 424432800.00 ns, 414.4852 us/op

// BeforeActualRun
WorkloadActual   1: 1024 op, 428131500.00 ns, 418.0972 us/op
WorkloadActual   2: 1024 op, 431488400.00 ns, 421.3754 us/op
WorkloadActual   3: 1024 op, 354757900.00 ns, 346.4433 us/op
WorkloadActual   4: 1024 op, 345741500.00 ns, 337.6382 us/op
WorkloadActual   5: 1024 op, 333740400.00 ns, 325.9184 us/op
WorkloadActual   6: 1024 op, 404488200.00 ns, 395.0080 us/op
WorkloadActual   7: 1024 op, 411313600.00 ns, 401.6734 us/op
WorkloadActual   8: 1024 op, 510143500.00 ns, 498.1870 us/op
WorkloadActual   9: 1024 op, 512876300.00 ns, 500.8558 us/op
WorkloadActual  10: 1024 op, 461717900.00 ns, 450.8964 us/op
WorkloadActual  11: 1024 op, 409553700.00 ns, 399.9548 us/op
WorkloadActual  12: 1024 op, 417493000.00 ns, 407.7080 us/op
WorkloadActual  13: 1024 op, 342873800.00 ns, 334.8377 us/op
WorkloadActual  14: 1024 op, 333200500.00 ns, 325.3911 us/op
WorkloadActual  15: 1024 op, 344068000.00 ns, 336.0039 us/op
WorkloadActual  16: 1024 op, 330111200.00 ns, 322.3742 us/op
WorkloadActual  17: 1024 op, 349332000.00 ns, 341.1445 us/op
WorkloadActual  18: 1024 op, 342174700.00 ns, 334.1550 us/op
WorkloadActual  19: 1024 op, 385297700.00 ns, 376.2673 us/op
WorkloadActual  20: 1024 op, 415749600.00 ns, 406.0055 us/op
WorkloadActual  21: 1024 op, 393451400.00 ns, 384.2299 us/op
WorkloadActual  22: 1024 op, 394958200.00 ns, 385.7014 us/op
WorkloadActual  23: 1024 op, 395141500.00 ns, 385.8804 us/op
WorkloadActual  24: 1024 op, 412800700.00 ns, 403.1257 us/op
WorkloadActual  25: 1024 op, 522440700.00 ns, 510.1960 us/op
WorkloadActual  26: 1024 op, 486010200.00 ns, 474.6193 us/op
WorkloadActual  27: 1024 op, 471956800.00 ns, 460.8953 us/op
WorkloadActual  28: 1024 op, 437269100.00 ns, 427.0206 us/op
WorkloadActual  29: 1024 op, 398695300.00 ns, 389.3509 us/op
WorkloadActual  30: 1024 op, 402111300.00 ns, 392.6868 us/op
WorkloadActual  31: 1024 op, 427068900.00 ns, 417.0595 us/op
WorkloadActual  32: 1024 op, 402639000.00 ns, 393.2021 us/op
WorkloadActual  33: 1024 op, 406107400.00 ns, 396.5893 us/op
WorkloadActual  34: 1024 op, 398763000.00 ns, 389.4170 us/op
WorkloadActual  35: 1024 op, 378607800.00 ns, 369.7342 us/op
WorkloadActual  36: 1024 op, 391892300.00 ns, 382.7073 us/op
WorkloadActual  37: 1024 op, 390970900.00 ns, 381.8075 us/op
WorkloadActual  38: 1024 op, 392372500.00 ns, 383.1763 us/op
WorkloadActual  39: 1024 op, 485750000.00 ns, 474.3652 us/op
WorkloadActual  40: 1024 op, 721436000.00 ns, 704.5273 us/op
WorkloadActual  41: 1024 op, 695583100.00 ns, 679.2804 us/op
WorkloadActual  42: 1024 op, 676391900.00 ns, 660.5390 us/op
WorkloadActual  43: 1024 op, 605561200.00 ns, 591.3684 us/op
WorkloadActual  44: 1024 op, 554768300.00 ns, 541.7659 us/op
WorkloadActual  45: 1024 op, 616776800.00 ns, 602.3211 us/op
WorkloadActual  46: 1024 op, 657606100.00 ns, 642.1935 us/op
WorkloadActual  47: 1024 op, 631285000.00 ns, 616.4893 us/op
WorkloadActual  48: 1024 op, 588562300.00 ns, 574.7679 us/op
WorkloadActual  49: 1024 op, 593835100.00 ns, 579.9171 us/op
WorkloadActual  50: 1024 op, 591017800.00 ns, 577.1658 us/op
WorkloadActual  51: 1024 op, 600878300.00 ns, 586.7952 us/op
WorkloadActual  52: 1024 op, 617956200.00 ns, 603.4729 us/op
WorkloadActual  53: 1024 op, 576146500.00 ns, 562.6431 us/op
WorkloadActual  54: 1024 op, 524338800.00 ns, 512.0496 us/op
WorkloadActual  55: 1024 op, 547544600.00 ns, 534.7115 us/op
WorkloadActual  56: 1024 op, 636967500.00 ns, 622.0386 us/op
WorkloadActual  57: 1024 op, 965094700.00 ns, 942.4753 us/op
WorkloadActual  58: 1024 op, 678188200.00 ns, 662.2932 us/op
WorkloadActual  59: 1024 op, 807143800.00 ns, 788.2264 us/op
WorkloadActual  60: 1024 op, 973712400.00 ns, 950.8910 us/op
WorkloadActual  61: 1024 op, 833533600.00 ns, 813.9977 us/op
WorkloadActual  62: 1024 op, 839472500.00 ns, 819.7974 us/op
WorkloadActual  63: 1024 op, 769924200.00 ns, 751.8791 us/op
WorkloadActual  64: 1024 op, 784153200.00 ns, 765.7746 us/op
WorkloadActual  65: 1024 op, 638337000.00 ns, 623.3760 us/op
WorkloadActual  66: 1024 op, 609908200.00 ns, 595.6135 us/op
WorkloadActual  67: 1024 op, 640640500.00 ns, 625.6255 us/op
WorkloadActual  68: 1024 op, 1011435300.00 ns, 987.7298 us/op
WorkloadActual  69: 1024 op, 845835900.00 ns, 826.0116 us/op
WorkloadActual  70: 1024 op, 608747100.00 ns, 594.4796 us/op
WorkloadActual  71: 1024 op, 622304800.00 ns, 607.7195 us/op
WorkloadActual  72: 1024 op, 630488700.00 ns, 615.7116 us/op
WorkloadActual  73: 1024 op, 606304500.00 ns, 592.0942 us/op
WorkloadActual  74: 1024 op, 580117500.00 ns, 566.5210 us/op
WorkloadActual  75: 1024 op, 617518600.00 ns, 603.0455 us/op
WorkloadActual  76: 1024 op, 602928300.00 ns, 588.7972 us/op
WorkloadActual  77: 1024 op, 609298100.00 ns, 595.0177 us/op
WorkloadActual  78: 1024 op, 616785600.00 ns, 602.3297 us/op
WorkloadActual  79: 1024 op, 660085500.00 ns, 644.6147 us/op
WorkloadActual  80: 1024 op, 1083705700.00 ns, 1.0583 ms/op
WorkloadActual  81: 1024 op, 677181600.00 ns, 661.3102 us/op
WorkloadActual  82: 1024 op, 617837700.00 ns, 603.3571 us/op
WorkloadActual  83: 1024 op, 620731500.00 ns, 606.1831 us/op
WorkloadActual  84: 1024 op, 618827200.00 ns, 604.3234 us/op
WorkloadActual  85: 1024 op, 663171300.00 ns, 647.6282 us/op
WorkloadActual  86: 1024 op, 615290300.00 ns, 600.8694 us/op
WorkloadActual  87: 1024 op, 695836900.00 ns, 679.5282 us/op
WorkloadActual  88: 1024 op, 558261700.00 ns, 545.1774 us/op
WorkloadActual  89: 1024 op, 431735400.00 ns, 421.6166 us/op
WorkloadActual  90: 1024 op, 408912500.00 ns, 399.3286 us/op
WorkloadActual  91: 1024 op, 428992300.00 ns, 418.9378 us/op
WorkloadActual  92: 1024 op, 426196000.00 ns, 416.2070 us/op
WorkloadActual  93: 1024 op, 402524400.00 ns, 393.0902 us/op
WorkloadActual  94: 1024 op, 601385600.00 ns, 587.2906 us/op
WorkloadActual  95: 1024 op, 559366700.00 ns, 546.2565 us/op
WorkloadActual  96: 1024 op, 418274800.00 ns, 408.4715 us/op
WorkloadActual  97: 1024 op, 538381500.00 ns, 525.7632 us/op
WorkloadActual  98: 1024 op, 484374300.00 ns, 473.0218 us/op
WorkloadActual  99: 1024 op, 407943300.00 ns, 398.3821 us/op
WorkloadActual  100: 1024 op, 404130000.00 ns, 394.6582 us/op

// AfterActualRun
WorkloadResult   1: 1024 op, 428128900.00 ns, 418.0946 us/op
WorkloadResult   2: 1024 op, 431485800.00 ns, 421.3729 us/op
WorkloadResult   3: 1024 op, 354755300.00 ns, 346.4407 us/op
WorkloadResult   4: 1024 op, 345738900.00 ns, 337.6356 us/op
WorkloadResult   5: 1024 op, 333737800.00 ns, 325.9158 us/op
WorkloadResult   6: 1024 op, 404485600.00 ns, 395.0055 us/op
WorkloadResult   7: 1024 op, 411311000.00 ns, 401.6709 us/op
WorkloadResult   8: 1024 op, 510140900.00 ns, 498.1845 us/op
WorkloadResult   9: 1024 op, 512873700.00 ns, 500.8532 us/op
WorkloadResult  10: 1024 op, 461715300.00 ns, 450.8938 us/op
WorkloadResult  11: 1024 op, 409551100.00 ns, 399.9522 us/op
WorkloadResult  12: 1024 op, 417490400.00 ns, 407.7055 us/op
WorkloadResult  13: 1024 op, 342871200.00 ns, 334.8352 us/op
WorkloadResult  14: 1024 op, 333197900.00 ns, 325.3886 us/op
WorkloadResult  15: 1024 op, 344065400.00 ns, 336.0014 us/op
WorkloadResult  16: 1024 op, 330108600.00 ns, 322.3717 us/op
WorkloadResult  17: 1024 op, 349329400.00 ns, 341.1420 us/op
WorkloadResult  18: 1024 op, 342172100.00 ns, 334.1524 us/op
WorkloadResult  19: 1024 op, 385295100.00 ns, 376.2647 us/op
WorkloadResult  20: 1024 op, 415747000.00 ns, 406.0029 us/op
WorkloadResult  21: 1024 op, 393448800.00 ns, 384.2273 us/op
WorkloadResult  22: 1024 op, 394955600.00 ns, 385.6988 us/op
WorkloadResult  23: 1024 op, 395138900.00 ns, 385.8778 us/op
WorkloadResult  24: 1024 op, 412798100.00 ns, 403.1231 us/op
WorkloadResult  25: 1024 op, 522438100.00 ns, 510.1935 us/op
WorkloadResult  26: 1024 op, 486007600.00 ns, 474.6168 us/op
WorkloadResult  27: 1024 op, 471954200.00 ns, 460.8928 us/op
WorkloadResult  28: 1024 op, 437266500.00 ns, 427.0181 us/op
WorkloadResult  29: 1024 op, 398692700.00 ns, 389.3483 us/op
WorkloadResult  30: 1024 op, 402108700.00 ns, 392.6843 us/op
WorkloadResult  31: 1024 op, 427066300.00 ns, 417.0569 us/op
WorkloadResult  32: 1024 op, 402636400.00 ns, 393.1996 us/op
WorkloadResult  33: 1024 op, 406104800.00 ns, 396.5867 us/op
WorkloadResult  34: 1024 op, 398760400.00 ns, 389.4145 us/op
WorkloadResult  35: 1024 op, 378605200.00 ns, 369.7316 us/op
WorkloadResult  36: 1024 op, 391889700.00 ns, 382.7048 us/op
WorkloadResult  37: 1024 op, 390968300.00 ns, 381.8050 us/op
WorkloadResult  38: 1024 op, 392369900.00 ns, 383.1737 us/op
WorkloadResult  39: 1024 op, 485747400.00 ns, 474.3627 us/op
WorkloadResult  40: 1024 op, 721433400.00 ns, 704.5248 us/op
WorkloadResult  41: 1024 op, 695580500.00 ns, 679.2778 us/op
WorkloadResult  42: 1024 op, 676389300.00 ns, 660.5364 us/op
WorkloadResult  43: 1024 op, 605558600.00 ns, 591.3658 us/op
WorkloadResult  44: 1024 op, 554765700.00 ns, 541.7634 us/op
WorkloadResult  45: 1024 op, 616774200.00 ns, 602.3186 us/op
WorkloadResult  46: 1024 op, 657603500.00 ns, 642.1909 us/op
WorkloadResult  47: 1024 op, 631282400.00 ns, 616.4867 us/op
WorkloadResult  48: 1024 op, 588559700.00 ns, 574.7653 us/op
WorkloadResult  49: 1024 op, 593832500.00 ns, 579.9146 us/op
WorkloadResult  50: 1024 op, 591015200.00 ns, 577.1633 us/op
WorkloadResult  51: 1024 op, 600875700.00 ns, 586.7927 us/op
WorkloadResult  52: 1024 op, 617953600.00 ns, 603.4703 us/op
WorkloadResult  53: 1024 op, 576143900.00 ns, 562.6405 us/op
WorkloadResult  54: 1024 op, 524336200.00 ns, 512.0471 us/op
WorkloadResult  55: 1024 op, 547542000.00 ns, 534.7090 us/op
WorkloadResult  56: 1024 op, 636964900.00 ns, 622.0360 us/op
WorkloadResult  57: 1024 op, 678185600.00 ns, 662.2906 us/op
WorkloadResult  58: 1024 op, 807141200.00 ns, 788.2238 us/op
WorkloadResult  59: 1024 op, 833531000.00 ns, 813.9951 us/op
WorkloadResult  60: 1024 op, 839469900.00 ns, 819.7948 us/op
WorkloadResult  61: 1024 op, 769921600.00 ns, 751.8766 us/op
WorkloadResult  62: 1024 op, 784150600.00 ns, 765.7721 us/op
WorkloadResult  63: 1024 op, 638334400.00 ns, 623.3734 us/op
WorkloadResult  64: 1024 op, 609905600.00 ns, 595.6109 us/op
WorkloadResult  65: 1024 op, 640637900.00 ns, 625.6229 us/op
WorkloadResult  66: 1024 op, 845833300.00 ns, 826.0091 us/op
WorkloadResult  67: 1024 op, 608744500.00 ns, 594.4771 us/op
WorkloadResult  68: 1024 op, 622302200.00 ns, 607.7170 us/op
WorkloadResult  69: 1024 op, 630486100.00 ns, 615.7091 us/op
WorkloadResult  70: 1024 op, 606301900.00 ns, 592.0917 us/op
WorkloadResult  71: 1024 op, 580114900.00 ns, 566.5185 us/op
WorkloadResult  72: 1024 op, 617516000.00 ns, 603.0430 us/op
WorkloadResult  73: 1024 op, 602925700.00 ns, 588.7946 us/op
WorkloadResult  74: 1024 op, 609295500.00 ns, 595.0151 us/op
WorkloadResult  75: 1024 op, 616783000.00 ns, 602.3271 us/op
WorkloadResult  76: 1024 op, 660082900.00 ns, 644.6122 us/op
WorkloadResult  77: 1024 op, 677179000.00 ns, 661.3076 us/op
WorkloadResult  78: 1024 op, 617835100.00 ns, 603.3546 us/op
WorkloadResult  79: 1024 op, 620728900.00 ns, 606.1806 us/op
WorkloadResult  80: 1024 op, 618824600.00 ns, 604.3209 us/op
WorkloadResult  81: 1024 op, 663168700.00 ns, 647.6257 us/op
WorkloadResult  82: 1024 op, 615287700.00 ns, 600.8669 us/op
WorkloadResult  83: 1024 op, 695834300.00 ns, 679.5257 us/op
WorkloadResult  84: 1024 op, 558259100.00 ns, 545.1749 us/op
WorkloadResult  85: 1024 op, 431732800.00 ns, 421.6141 us/op
WorkloadResult  86: 1024 op, 408909900.00 ns, 399.3261 us/op
WorkloadResult  87: 1024 op, 428989700.00 ns, 418.9353 us/op
WorkloadResult  88: 1024 op, 426193400.00 ns, 416.2045 us/op
WorkloadResult  89: 1024 op, 402521800.00 ns, 393.0877 us/op
WorkloadResult  90: 1024 op, 601383000.00 ns, 587.2881 us/op
WorkloadResult  91: 1024 op, 559364100.00 ns, 546.2540 us/op
WorkloadResult  92: 1024 op, 418272200.00 ns, 408.4689 us/op
WorkloadResult  93: 1024 op, 538378900.00 ns, 525.7606 us/op
WorkloadResult  94: 1024 op, 484371700.00 ns, 473.0192 us/op
WorkloadResult  95: 1024 op, 407940700.00 ns, 398.3796 us/op
WorkloadResult  96: 1024 op, 404127400.00 ns, 394.6557 us/op
// GC:  2 0 0 37979256 1024
// Threading:  3072 35 1024

// AfterAll
// Benchmark Process 28408 has exited with code 0.

Mean = 513.415 μs, StdErr = 13.267 μs (2.58%), N = 96, StdDev = 129.994 μs
Min = 322.372 μs, Q1 = 396.191 μs, Median = 511.120 μs, Q3 = 603.384 μs, Max = 826.009 μs
IQR = 207.192 μs, LowerFence = 85.403 μs, UpperFence = 914.172 μs
ConfidenceInterval = [468.360 μs; 558.470 μs] (CI 99.9%), Margin = 45.055 μs (8.78% of Mean)
Skewness = 0.4, Kurtosis = 2.25, MValue = 4.71

// ** Remained 1 (16.7٪؜) benchmark(s) to run. Estimated finish 1448-02-19 13:54 (0h 1m from now) **
Setup power plan (GUID: 8c5e7fda-e8bf-4a96-9a85-a6e23a8c635c FriendlyName: أداء عالٍ)
// **************************
// Benchmark: LogQueryBenchmarks.WithCompiledQuery: DefaultJob [RowsToReturn=100]
// *** Execute ***
// Launch: 1 / 1
// Execute: dotnet 2751c7ea-16fb-453c-95f9-2cf2ab35a677.dll --anonymousPipes 1820 1704 --benchmarkName "LogQueryBenchmarks.WithCompiledQuery(RowsToReturn: 100)" --job Default --benchmarkId 5 in C:\D\github\CSharpWeekly\CompiledQueries.Benchmarks\bin\Release\net10.0\2751c7ea-16fb-453c-95f9-2cf2ab35a677\bin\Release\net10.0
// BeforeAnythingElse

// Benchmark Process Environment Information:
// BenchmarkDotNet v0.13.12
// Runtime=.NET 10.0.3 (10.0.326.7603), X64 RyuJIT AVX2
// GC=Concurrent Workstation
// HardwareIntrinsics=AVX2,AES,BMI1,BMI2,FMA,LZCNT,PCLMUL,POPCNT,AvxVnni,SERIALIZE VectorSize=256
// Job: DefaultJob

OverheadJitting  1: 1 op, 213500.00 ns, 213.5000 us/op
WorkloadJitting  1: 1 op, 427798900.00 ns, 427.7989 ms/op

OverheadJitting  2: 1 op, 500.00 ns, 500.0000 ns/op
WorkloadJitting  2: 1 op, 3516200.00 ns, 3.5162 ms/op

OverheadJitting  3: 16 op, 218300.00 ns, 13.6438 us/op
WorkloadJitting  3: 16 op, 16125500.00 ns, 1.0078 ms/op

WorkloadPilot    1: 16 op, 10843100.00 ns, 677.6938 us/op
WorkloadPilot    2: 32 op, 16939800.00 ns, 529.3687 us/op
WorkloadPilot    3: 64 op, 33778500.00 ns, 527.7891 us/op
WorkloadPilot    4: 128 op, 69603800.00 ns, 543.7797 us/op
WorkloadPilot    5: 256 op, 153642600.00 ns, 600.1664 us/op
WorkloadPilot    6: 512 op, 263191300.00 ns, 514.0455 us/op
WorkloadPilot    7: 1024 op, 478415200.00 ns, 467.2023 us/op
WorkloadPilot    8: 2048 op, 829923400.00 ns, 405.2360 us/op

OverheadWarmup   1: 2048 op, 6200.00 ns, 3.0273 ns/op
OverheadWarmup   2: 2048 op, 5000.00 ns, 2.4414 ns/op
OverheadWarmup   3: 2048 op, 5000.00 ns, 2.4414 ns/op
OverheadWarmup   4: 2048 op, 5100.00 ns, 2.4902 ns/op
OverheadWarmup   5: 2048 op, 5000.00 ns, 2.4414 ns/op
OverheadWarmup   6: 2048 op, 5000.00 ns, 2.4414 ns/op

OverheadActual   1: 2048 op, 5000.00 ns, 2.4414 ns/op
OverheadActual   2: 2048 op, 5000.00 ns, 2.4414 ns/op
OverheadActual   3: 2048 op, 4900.00 ns, 2.3926 ns/op
OverheadActual   4: 2048 op, 4900.00 ns, 2.3926 ns/op
OverheadActual   5: 2048 op, 4900.00 ns, 2.3926 ns/op
OverheadActual   6: 2048 op, 4800.00 ns, 2.3438 ns/op
OverheadActual   7: 2048 op, 4800.00 ns, 2.3438 ns/op
OverheadActual   8: 2048 op, 4800.00 ns, 2.3438 ns/op
OverheadActual   9: 2048 op, 4800.00 ns, 2.3438 ns/op
OverheadActual  10: 2048 op, 4700.00 ns, 2.2949 ns/op
OverheadActual  11: 2048 op, 4700.00 ns, 2.2949 ns/op
OverheadActual  12: 2048 op, 4700.00 ns, 2.2949 ns/op
OverheadActual  13: 2048 op, 4800.00 ns, 2.3438 ns/op
OverheadActual  14: 2048 op, 4700.00 ns, 2.2949 ns/op
OverheadActual  15: 2048 op, 4700.00 ns, 2.2949 ns/op

WorkloadWarmup   1: 2048 op, 858596100.00 ns, 419.2364 us/op
WorkloadWarmup   2: 2048 op, 1008376100.00 ns, 492.3711 us/op
WorkloadWarmup   3: 2048 op, 851951400.00 ns, 415.9919 us/op
WorkloadWarmup   4: 2048 op, 817637400.00 ns, 399.2370 us/op
WorkloadWarmup   5: 2048 op, 1002359700.00 ns, 489.4334 us/op
WorkloadWarmup   6: 2048 op, 1006575600.00 ns, 491.4920 us/op
WorkloadWarmup   7: 2048 op, 787932100.00 ns, 384.7325 us/op

// BeforeActualRun
WorkloadActual   1: 2048 op, 820490600.00 ns, 400.6302 us/op
WorkloadActual   2: 2048 op, 783860500.00 ns, 382.7444 us/op
WorkloadActual   3: 2048 op, 770205000.00 ns, 376.0767 us/op
WorkloadActual   4: 2048 op, 805422300.00 ns, 393.2726 us/op
WorkloadActual   5: 2048 op, 774123000.00 ns, 377.9897 us/op
WorkloadActual   6: 2048 op, 1075122100.00 ns, 524.9620 us/op
WorkloadActual   7: 2048 op, 1604846200.00 ns, 783.6163 us/op
WorkloadActual   8: 2048 op, 1443937600.00 ns, 705.0477 us/op
WorkloadActual   9: 2048 op, 1111876800.00 ns, 542.9086 us/op
WorkloadActual  10: 2048 op, 854901000.00 ns, 417.4321 us/op
WorkloadActual  11: 2048 op, 826017400.00 ns, 403.3288 us/op
WorkloadActual  12: 2048 op, 826816800.00 ns, 403.7191 us/op
WorkloadActual  13: 2048 op, 887736900.00 ns, 433.4653 us/op
WorkloadActual  14: 2048 op, 1547289400.00 ns, 755.5124 us/op
WorkloadActual  15: 2048 op, 1067814300.00 ns, 521.3937 us/op
WorkloadActual  16: 2048 op, 883972900.00 ns, 431.6274 us/op
WorkloadActual  17: 2048 op, 917818500.00 ns, 448.1536 us/op
WorkloadActual  18: 2048 op, 770056900.00 ns, 376.0043 us/op
WorkloadActual  19: 2048 op, 781285100.00 ns, 381.4869 us/op
WorkloadActual  20: 2048 op, 839476300.00 ns, 409.9005 us/op
WorkloadActual  21: 2048 op, 882914200.00 ns, 431.1104 us/op
WorkloadActual  22: 2048 op, 898667100.00 ns, 438.8023 us/op
WorkloadActual  23: 2048 op, 810294800.00 ns, 395.6518 us/op
WorkloadActual  24: 2048 op, 772579100.00 ns, 377.2359 us/op
WorkloadActual  25: 2048 op, 791497500.00 ns, 386.4734 us/op
WorkloadActual  26: 2048 op, 764147000.00 ns, 373.1187 us/op
WorkloadActual  27: 2048 op, 771673200.00 ns, 376.7936 us/op
WorkloadActual  28: 2048 op, 734285500.00 ns, 358.5378 us/op
WorkloadActual  29: 2048 op, 760955000.00 ns, 371.5601 us/op
WorkloadActual  30: 2048 op, 741068100.00 ns, 361.8497 us/op
WorkloadActual  31: 2048 op, 730591800.00 ns, 356.7343 us/op
WorkloadActual  32: 2048 op, 698230900.00 ns, 340.9331 us/op
WorkloadActual  33: 2048 op, 686731200.00 ns, 335.3180 us/op
WorkloadActual  34: 2048 op, 620916100.00 ns, 303.1817 us/op
WorkloadActual  35: 2048 op, 714745800.00 ns, 348.9970 us/op
WorkloadActual  36: 2048 op, 1391292400.00 ns, 679.3420 us/op
WorkloadActual  37: 2048 op, 2405750300.00 ns, 1.1747 ms/op
WorkloadActual  38: 2048 op, 915292400.00 ns, 446.9201 us/op
WorkloadActual  39: 2048 op, 764762600.00 ns, 373.4192 us/op
WorkloadActual  40: 2048 op, 889724100.00 ns, 434.4356 us/op
WorkloadActual  41: 2048 op, 1735620400.00 ns, 847.4709 us/op
WorkloadActual  42: 2048 op, 1778279000.00 ns, 868.3003 us/op
WorkloadActual  43: 2048 op, 1068686800.00 ns, 521.8197 us/op
WorkloadActual  44: 2048 op, 629814900.00 ns, 307.5268 us/op
WorkloadActual  45: 2048 op, 813095200.00 ns, 397.0191 us/op
WorkloadActual  46: 2048 op, 1009055600.00 ns, 492.7029 us/op
WorkloadActual  47: 2048 op, 773436200.00 ns, 377.6544 us/op
WorkloadActual  48: 2048 op, 809597000.00 ns, 395.3110 us/op
WorkloadActual  49: 2048 op, 697246200.00 ns, 340.4522 us/op
WorkloadActual  50: 2048 op, 750642600.00 ns, 366.5247 us/op
WorkloadActual  51: 2048 op, 905576500.00 ns, 442.1760 us/op
WorkloadActual  52: 2048 op, 759228000.00 ns, 370.7168 us/op
WorkloadActual  53: 2048 op, 794044600.00 ns, 387.7171 us/op
WorkloadActual  54: 2048 op, 759208800.00 ns, 370.7074 us/op
WorkloadActual  55: 2048 op, 755170100.00 ns, 368.7354 us/op
WorkloadActual  56: 2048 op, 767536800.00 ns, 374.7738 us/op
WorkloadActual  57: 2048 op, 766058300.00 ns, 374.0519 us/op
WorkloadActual  58: 2048 op, 716392900.00 ns, 349.8012 us/op
WorkloadActual  59: 2048 op, 742607000.00 ns, 362.6011 us/op
WorkloadActual  60: 2048 op, 858913800.00 ns, 419.3915 us/op
WorkloadActual  61: 2048 op, 946919000.00 ns, 462.3628 us/op
WorkloadActual  62: 2048 op, 838028900.00 ns, 409.1938 us/op
WorkloadActual  63: 2048 op, 803151400.00 ns, 392.1638 us/op
WorkloadActual  64: 2048 op, 739038900.00 ns, 360.8588 us/op
WorkloadActual  65: 2048 op, 769803600.00 ns, 375.8807 us/op
WorkloadActual  66: 2048 op, 719241200.00 ns, 351.1920 us/op
WorkloadActual  67: 2048 op, 761490500.00 ns, 371.8215 us/op
WorkloadActual  68: 2048 op, 852357600.00 ns, 416.1902 us/op
WorkloadActual  69: 2048 op, 659064000.00 ns, 321.8086 us/op
WorkloadActual  70: 2048 op, 786601600.00 ns, 384.0828 us/op
WorkloadActual  71: 2048 op, 1196876800.00 ns, 584.4125 us/op
WorkloadActual  72: 2048 op, 1092432700.00 ns, 533.4144 us/op
WorkloadActual  73: 2048 op, 979243400.00 ns, 478.1462 us/op
WorkloadActual  74: 2048 op, 1593254300.00 ns, 777.9562 us/op
WorkloadActual  75: 2048 op, 1309298600.00 ns, 639.3060 us/op
WorkloadActual  76: 2048 op, 1061598600.00 ns, 518.3587 us/op
WorkloadActual  77: 2048 op, 1215255800.00 ns, 593.3866 us/op
WorkloadActual  78: 2048 op, 933115700.00 ns, 455.6229 us/op
WorkloadActual  79: 2048 op, 933373200.00 ns, 455.7486 us/op
WorkloadActual  80: 2048 op, 825960000.00 ns, 403.3008 us/op
WorkloadActual  81: 2048 op, 953166400.00 ns, 465.4133 us/op
WorkloadActual  82: 2048 op, 986547100.00 ns, 481.7125 us/op
WorkloadActual  83: 2048 op, 788027600.00 ns, 384.7791 us/op
WorkloadActual  84: 2048 op, 786753000.00 ns, 384.1567 us/op
WorkloadActual  85: 2048 op, 691635700.00 ns, 337.7127 us/op
WorkloadActual  86: 2048 op, 715558400.00 ns, 349.3938 us/op
WorkloadActual  87: 2048 op, 699389300.00 ns, 341.4987 us/op
WorkloadActual  88: 2048 op, 713304100.00 ns, 348.2930 us/op
WorkloadActual  89: 2048 op, 721478000.00 ns, 352.2842 us/op
WorkloadActual  90: 2048 op, 736503700.00 ns, 359.6209 us/op
WorkloadActual  91: 2048 op, 727954500.00 ns, 355.4465 us/op
WorkloadActual  92: 2048 op, 736413200.00 ns, 359.5768 us/op
WorkloadActual  93: 2048 op, 757745200.00 ns, 369.9928 us/op
WorkloadActual  94: 2048 op, 857933500.00 ns, 418.9128 us/op
WorkloadActual  95: 2048 op, 792269400.00 ns, 386.8503 us/op
WorkloadActual  96: 2048 op, 894955700.00 ns, 436.9901 us/op
WorkloadActual  97: 2048 op, 776038100.00 ns, 378.9249 us/op
WorkloadActual  98: 2048 op, 778945200.00 ns, 380.3443 us/op
WorkloadActual  99: 2048 op, 704389400.00 ns, 343.9401 us/op
WorkloadActual  100: 2048 op, 688501300.00 ns, 336.1823 us/op

// AfterActualRun
WorkloadResult   1: 2048 op, 820485800.00 ns, 400.6278 us/op
WorkloadResult   2: 2048 op, 783855700.00 ns, 382.7420 us/op
WorkloadResult   3: 2048 op, 770200200.00 ns, 376.0743 us/op
WorkloadResult   4: 2048 op, 805417500.00 ns, 393.2703 us/op
WorkloadResult   5: 2048 op, 774118200.00 ns, 377.9874 us/op
WorkloadResult   6: 2048 op, 1075117300.00 ns, 524.9596 us/op
WorkloadResult   7: 2048 op, 1111872000.00 ns, 542.9062 us/op
WorkloadResult   8: 2048 op, 854896200.00 ns, 417.4298 us/op
WorkloadResult   9: 2048 op, 826012600.00 ns, 403.3265 us/op
WorkloadResult  10: 2048 op, 826812000.00 ns, 403.7168 us/op
WorkloadResult  11: 2048 op, 887732100.00 ns, 433.4629 us/op
WorkloadResult  12: 2048 op, 1067809500.00 ns, 521.3914 us/op
WorkloadResult  13: 2048 op, 883968100.00 ns, 431.6250 us/op
WorkloadResult  14: 2048 op, 917813700.00 ns, 448.1512 us/op
WorkloadResult  15: 2048 op, 770052100.00 ns, 376.0020 us/op
WorkloadResult  16: 2048 op, 781280300.00 ns, 381.4845 us/op
WorkloadResult  17: 2048 op, 839471500.00 ns, 409.8982 us/op
WorkloadResult  18: 2048 op, 882909400.00 ns, 431.1081 us/op
WorkloadResult  19: 2048 op, 898662300.00 ns, 438.8000 us/op
WorkloadResult  20: 2048 op, 810290000.00 ns, 395.6494 us/op
WorkloadResult  21: 2048 op, 772574300.00 ns, 377.2335 us/op
WorkloadResult  22: 2048 op, 791492700.00 ns, 386.4710 us/op
WorkloadResult  23: 2048 op, 764142200.00 ns, 373.1163 us/op
WorkloadResult  24: 2048 op, 771668400.00 ns, 376.7912 us/op
WorkloadResult  25: 2048 op, 734280700.00 ns, 358.5355 us/op
WorkloadResult  26: 2048 op, 760950200.00 ns, 371.5577 us/op
WorkloadResult  27: 2048 op, 741063300.00 ns, 361.8473 us/op
WorkloadResult  28: 2048 op, 730587000.00 ns, 356.7319 us/op
WorkloadResult  29: 2048 op, 698226100.00 ns, 340.9307 us/op
WorkloadResult  30: 2048 op, 686726400.00 ns, 335.3156 us/op
WorkloadResult  31: 2048 op, 620911300.00 ns, 303.1793 us/op
WorkloadResult  32: 2048 op, 714741000.00 ns, 348.9946 us/op
WorkloadResult  33: 2048 op, 915287600.00 ns, 446.9178 us/op
WorkloadResult  34: 2048 op, 764757800.00 ns, 373.4169 us/op
WorkloadResult  35: 2048 op, 889719300.00 ns, 434.4333 us/op
WorkloadResult  36: 2048 op, 1068682000.00 ns, 521.8174 us/op
WorkloadResult  37: 2048 op, 629810100.00 ns, 307.5245 us/op
WorkloadResult  38: 2048 op, 813090400.00 ns, 397.0168 us/op
WorkloadResult  39: 2048 op, 1009050800.00 ns, 492.7006 us/op
WorkloadResult  40: 2048 op, 773431400.00 ns, 377.6521 us/op
WorkloadResult  41: 2048 op, 809592200.00 ns, 395.3087 us/op
WorkloadResult  42: 2048 op, 697241400.00 ns, 340.4499 us/op
WorkloadResult  43: 2048 op, 750637800.00 ns, 366.5224 us/op
WorkloadResult  44: 2048 op, 905571700.00 ns, 442.1737 us/op
WorkloadResult  45: 2048 op, 759223200.00 ns, 370.7145 us/op
WorkloadResult  46: 2048 op, 794039800.00 ns, 387.7147 us/op
WorkloadResult  47: 2048 op, 759204000.00 ns, 370.7051 us/op
WorkloadResult  48: 2048 op, 755165300.00 ns, 368.7331 us/op
WorkloadResult  49: 2048 op, 767532000.00 ns, 374.7715 us/op
WorkloadResult  50: 2048 op, 766053500.00 ns, 374.0496 us/op
WorkloadResult  51: 2048 op, 716388100.00 ns, 349.7989 us/op
WorkloadResult  52: 2048 op, 742602200.00 ns, 362.5987 us/op
WorkloadResult  53: 2048 op, 858909000.00 ns, 419.3892 us/op
WorkloadResult  54: 2048 op, 946914200.00 ns, 462.3604 us/op
WorkloadResult  55: 2048 op, 838024100.00 ns, 409.1915 us/op
WorkloadResult  56: 2048 op, 803146600.00 ns, 392.1614 us/op
WorkloadResult  57: 2048 op, 739034100.00 ns, 360.8565 us/op
WorkloadResult  58: 2048 op, 769798800.00 ns, 375.8783 us/op
WorkloadResult  59: 2048 op, 719236400.00 ns, 351.1896 us/op
WorkloadResult  60: 2048 op, 761485700.00 ns, 371.8192 us/op
WorkloadResult  61: 2048 op, 852352800.00 ns, 416.1879 us/op
WorkloadResult  62: 2048 op, 659059200.00 ns, 321.8062 us/op
WorkloadResult  63: 2048 op, 786596800.00 ns, 384.0805 us/op
WorkloadResult  64: 2048 op, 1092427900.00 ns, 533.4121 us/op
WorkloadResult  65: 2048 op, 979238600.00 ns, 478.1438 us/op
WorkloadResult  66: 2048 op, 1061593800.00 ns, 518.3563 us/op
WorkloadResult  67: 2048 op, 933110900.00 ns, 455.6206 us/op
WorkloadResult  68: 2048 op, 933368400.00 ns, 455.7463 us/op
WorkloadResult  69: 2048 op, 825955200.00 ns, 403.2984 us/op
WorkloadResult  70: 2048 op, 953161600.00 ns, 465.4109 us/op
WorkloadResult  71: 2048 op, 986542300.00 ns, 481.7101 us/op
WorkloadResult  72: 2048 op, 788022800.00 ns, 384.7768 us/op
WorkloadResult  73: 2048 op, 786748200.00 ns, 384.1544 us/op
WorkloadResult  74: 2048 op, 691630900.00 ns, 337.7104 us/op
WorkloadResult  75: 2048 op, 715553600.00 ns, 349.3914 us/op
WorkloadResult  76: 2048 op, 699384500.00 ns, 341.4963 us/op
WorkloadResult  77: 2048 op, 713299300.00 ns, 348.2907 us/op
WorkloadResult  78: 2048 op, 721473200.00 ns, 352.2818 us/op
WorkloadResult  79: 2048 op, 736498900.00 ns, 359.6186 us/op
WorkloadResult  80: 2048 op, 727949700.00 ns, 355.4442 us/op
WorkloadResult  81: 2048 op, 736408400.00 ns, 359.5744 us/op
WorkloadResult  82: 2048 op, 757740400.00 ns, 369.9904 us/op
WorkloadResult  83: 2048 op, 857928700.00 ns, 418.9105 us/op
WorkloadResult  84: 2048 op, 792264600.00 ns, 386.8479 us/op
WorkloadResult  85: 2048 op, 894950900.00 ns, 436.9877 us/op
WorkloadResult  86: 2048 op, 776033300.00 ns, 378.9225 us/op
WorkloadResult  87: 2048 op, 778940400.00 ns, 380.3420 us/op
WorkloadResult  88: 2048 op, 704384600.00 ns, 343.9378 us/op
WorkloadResult  89: 2048 op, 688496500.00 ns, 336.1799 us/op
// GC:  2 0 0 53116992 2048
// Threading:  6144 115 2048

// AfterAll
// Benchmark Process 26976 has exited with code 0.

Mean = 396.829 μs, StdErr = 5.547 μs (1.40%), N = 89, StdDev = 52.327 μs
Min = 303.179 μs, Q1 = 361.847 μs, Median = 381.485 μs, Q3 = 419.389 μs, Max = 542.906 μs
IQR = 57.542 μs, LowerFence = 275.535 μs, UpperFence = 505.702 μs
ConfidenceInterval = [377.946 μs; 415.713 μs] (CI 99.9%), Margin = 18.884 μs (4.76% of Mean)
Skewness = 0.99, Kurtosis = 3.52, MValue = 2.57

// ** Remained 0 (0.0٪؜) benchmark(s) to run. Estimated finish 1448-02-19 13:55 (0h 0m from now) **
Successfully reverted power plan (GUID: 8c5e7fda-e8bf-4a96-9a85-a6e23a8c635c FriendlyName: أداء عالٍ)
// ***** BenchmarkRunner: Finish  *****

// * Export *
  BenchmarkDotNet.Artifacts\results\LogQueryBenchmarks-report.csv
  BenchmarkDotNet.Artifacts\results\LogQueryBenchmarks-report-github.md
  BenchmarkDotNet.Artifacts\results\LogQueryBenchmarks-report.html

// * Detailed results *
LogQueryBenchmarks.WithoutCompiledQuery: DefaultJob [RowsToReturn=1]
Runtime = .NET 10.0.3 (10.0.326.7603), X64 RyuJIT AVX2; GC = Concurrent Workstation
Mean = 443.995 μs, StdErr = 11.740 μs (2.64%), N = 91, StdDev = 111.991 μs
Min = 297.368 μs, Q1 = 374.759 μs, Median = 409.510 μs, Q3 = 481.310 μs, Max = 745.123 μs
IQR = 106.551 μs, LowerFence = 214.934 μs, UpperFence = 641.136 μs
ConfidenceInterval = [404.057 μs; 483.934 μs] (CI 99.9%), Margin = 39.938 μs (9.00% of Mean)
Skewness = 1.17, Kurtosis = 3.55, MValue = 3.5
-------------------- Histogram --------------------
[296.663 μs ; 371.527 μs) | @@@@@@@@@@@@@@@@@@@
[371.527 μs ; 436.885 μs) | @@@@@@@@@@@@@@@@@@@@@@@@@@@@@@@@@@@@@@@@@
[436.885 μs ; 512.567 μs) | @@@@@@@@@@@@@@
[512.567 μs ; 584.940 μs) | @@@
[584.940 μs ; 650.297 μs) | @@@@@@@
[650.297 μs ; 690.272 μs) | @
[690.272 μs ; 755.630 μs) | @@@@@@
---------------------------------------------------

LogQueryBenchmarks.WithCompiledQuery: DefaultJob [RowsToReturn=1]
Runtime = .NET 10.0.3 (10.0.326.7603), X64 RyuJIT AVX2; GC = Concurrent Workstation
Mean = 390.687 μs, StdErr = 7.818 μs (2.00%), N = 90, StdDev = 74.168 μs
Min = 287.736 μs, Q1 = 338.450 μs, Median = 371.732 μs, Q3 = 423.320 μs, Max = 610.834 μs
IQR = 84.870 μs, LowerFence = 211.145 μs, UpperFence = 550.624 μs
ConfidenceInterval = [364.081 μs; 417.294 μs] (CI 99.9%), Margin = 26.606 μs (6.81% of Mean)
Skewness = 1.3, Kurtosis = 4.37, MValue = 2.23
-------------------- Histogram --------------------
[266.014 μs ; 317.152 μs) | @@@@@@@
[317.152 μs ; 360.596 μs) | @@@@@@@@@@@@@@@@@@@@@@@@@@@@@@@@@@@
[360.596 μs ; 382.312 μs) | @@@@@@
[382.312 μs ; 425.756 μs) | @@@@@@@@@@@@@@@@@@@@@@
[425.756 μs ; 475.276 μs) | @@@@@@@@@@@
[475.276 μs ; 506.971 μs) | @
[506.971 μs ; 550.415 μs) | @@@
[550.415 μs ; 573.977 μs) | 
[573.977 μs ; 617.421 μs) | @@@@@
---------------------------------------------------

LogQueryBenchmarks.WithoutCompiledQuery: DefaultJob [RowsToReturn=10]
Runtime = .NET 10.0.3 (10.0.326.7603), X64 RyuJIT AVX2; GC = Concurrent Workstation
Mean = 388.746 μs, StdErr = 5.776 μs (1.49%), N = 91, StdDev = 55.096 μs
Min = 300.878 μs, Q1 = 351.632 μs, Median = 374.610 μs, Q3 = 410.195 μs, Max = 542.586 μs
IQR = 58.563 μs, LowerFence = 263.787 μs, UpperFence = 498.040 μs
ConfidenceInterval = [369.097 μs; 408.394 μs] (CI 99.9%), Margin = 19.648 μs (5.05% of Mean)
Skewness = 0.82, Kurtosis = 3.08, MValue = 4.3
-------------------- Histogram --------------------
[284.801 μs ; 307.458 μs) | @
[307.458 μs ; 341.129 μs) | @@@@@@@@@@@@@
[341.129 μs ; 373.283 μs) | @@@@@@@@@@@@@@@@@@@@@@@@@@@@@@@
[373.283 μs ; 411.375 μs) | @@@@@@@@@@@@@@@@@@@@@@@@
[411.375 μs ; 458.042 μs) | @@@@@@@@@
[458.042 μs ; 490.196 μs) | @@@@@@@@
[490.196 μs ; 510.922 μs) | @
[510.922 μs ; 543.076 μs) | @@@@
---------------------------------------------------

LogQueryBenchmarks.WithCompiledQuery: DefaultJob [RowsToReturn=10]
Runtime = .NET 10.0.3 (10.0.326.7603), X64 RyuJIT AVX2; GC = Concurrent Workstation
Mean = 379.604 μs, StdErr = 5.644 μs (1.49%), N = 90, StdDev = 53.541 μs
Min = 298.317 μs, Q1 = 338.200 μs, Median = 369.425 μs, Q3 = 403.790 μs, Max = 554.249 μs
IQR = 65.589 μs, LowerFence = 239.816 μs, UpperFence = 502.173 μs
ConfidenceInterval = [360.397 μs; 398.811 μs] (CI 99.9%), Margin = 19.207 μs (5.06% of Mean)
Skewness = 1.1, Kurtosis = 4, MValue = 2.8
-------------------- Histogram --------------------
[298.052 μs ; 332.333 μs) | @@@@@@@@@@@
[332.333 μs ; 363.695 μs) | @@@@@@@@@@@@@@@@@@@@@@@@@@@@@@@@
[363.695 μs ; 400.052 μs) | @@@@@@@@@@@@@@@@@@@@@@@
[400.052 μs ; 420.233 μs) | @@@@
[420.233 μs ; 451.595 μs) | @@@@@@@@@@@@
[451.595 μs ; 481.639 μs) | @@@
[481.639 μs ; 509.803 μs) | @@
[509.803 μs ; 532.115 μs) | @
[532.115 μs ; 563.477 μs) | @@
---------------------------------------------------

LogQueryBenchmarks.WithoutCompiledQuery: DefaultJob [RowsToReturn=100]
Runtime = .NET 10.0.3 (10.0.326.7603), X64 RyuJIT AVX2; GC = Concurrent Workstation
Mean = 513.415 μs, StdErr = 13.267 μs (2.58%), N = 96, StdDev = 129.994 μs
Min = 322.372 μs, Q1 = 396.191 μs, Median = 511.120 μs, Q3 = 603.384 μs, Max = 826.009 μs
IQR = 207.192 μs, LowerFence = 85.403 μs, UpperFence = 914.172 μs
ConfidenceInterval = [468.360 μs; 558.470 μs] (CI 99.9%), Margin = 45.055 μs (8.78% of Mean)
Skewness = 0.4, Kurtosis = 2.25, MValue = 4.71
-------------------- Histogram --------------------
[285.110 μs ; 361.113 μs) | @@@@@@@@@
[361.113 μs ; 435.637 μs) | @@@@@@@@@@@@@@@@@@@@@@@@@@@@@@@
[435.637 μs ; 472.375 μs) | @@
[472.375 μs ; 546.899 μs) | @@@@@@@@@@@@
[546.899 μs ; 573.934 μs) | @@
[573.934 μs ; 648.457 μs) | @@@@@@@@@@@@@@@@@@@@@@@@@@@@
[648.457 μs ; 719.793 μs) | @@@@@@
[719.793 μs ; 751.681 μs) | 
[751.681 μs ; 826.205 μs) | @@@@@@
---------------------------------------------------

LogQueryBenchmarks.WithCompiledQuery: DefaultJob [RowsToReturn=100]
Runtime = .NET 10.0.3 (10.0.326.7603), X64 RyuJIT AVX2; GC = Concurrent Workstation
Mean = 396.829 μs, StdErr = 5.547 μs (1.40%), N = 89, StdDev = 52.327 μs
Min = 303.179 μs, Q1 = 361.847 μs, Median = 381.485 μs, Q3 = 419.389 μs, Max = 542.906 μs
IQR = 57.542 μs, LowerFence = 275.535 μs, UpperFence = 505.702 μs
ConfidenceInterval = [377.946 μs; 415.713 μs] (CI 99.9%), Margin = 18.884 μs (4.76% of Mean)
Skewness = 0.99, Kurtosis = 3.52, MValue = 2.57
-------------------- Histogram --------------------
[297.110 μs ; 330.641 μs) | @@@
[330.641 μs ; 357.743 μs) | @@@@@@@@@@@@@@@
[357.743 μs ; 388.508 μs) | @@@@@@@@@@@@@@@@@@@@@@@@@@@@@@@@@@
[388.508 μs ; 421.158 μs) | @@@@@@@@@@@@@@@
[421.158 μs ; 458.810 μs) | @@@@@@@@@@@
[458.810 μs ; 492.913 μs) | @@@@@
[492.913 μs ; 515.249 μs) | 
[515.249 μs ; 546.014 μs) | @@@@@@
---------------------------------------------------

// * Summary *

BenchmarkDotNet v0.13.12, Windows 11 (10.0.26200.8246)
Unknown processor
.NET SDK 10.0.103
  [Host]     : .NET 10.0.3 (10.0.326.7603), X64 RyuJIT AVX2
  DefaultJob : .NET 10.0.3 (10.0.326.7603), X64 RyuJIT AVX2


| Method               | RowsToReturn | Mean     | Error    | StdDev    | Median   | Ratio | RatioSD | Gen0   | Allocated | Alloc Ratio |
|--------------------- |------------- |---------:|---------:|----------:|---------:|------:|--------:|-------:|----------:|------------:|
| WithoutCompiledQuery | 1            | 444.0 μs | 39.94 μs | 111.99 μs | 409.5 μs |  1.00 |    0.00 | 0.4883 |  17.34 KB |        1.00 |
| WithCompiledQuery    | 1            | 390.7 μs | 26.61 μs |  74.17 μs | 371.7 μs |  0.92 |    0.26 |      - |   6.77 KB |        0.39 |
|                      |              |          |          |           |          |       |         |        |           |             |
| WithoutCompiledQuery | 10           | 388.7 μs | 19.65 μs |  55.10 μs | 374.6 μs |  1.00 |    0.00 | 0.9766 |  19.03 KB |        1.00 |
| WithCompiledQuery    | 10           | 379.6 μs | 19.21 μs |  53.54 μs | 369.4 μs |  1.00 |    0.21 |      - |   8.45 KB |        0.44 |
|                      |              |          |          |           |          |       |         |        |           |             |
| WithoutCompiledQuery | 100          | 513.4 μs | 45.05 μs | 129.99 μs | 511.1 μs |  1.00 |    0.00 | 1.9531 |  36.22 KB |        1.00 |
| WithCompiledQuery    | 100          | 396.8 μs | 18.88 μs |  52.33 μs | 381.5 μs |  0.82 |    0.25 | 0.9766 |  25.33 KB |        0.70 |

// * Warnings *
MultimodalDistribution
  LogQueryBenchmarks.WithoutCompiledQuery: Default -> It seems that the distribution is bimodal (mValue = 3.5)
  LogQueryBenchmarks.WithoutCompiledQuery: Default -> It seems that the distribution is multimodal (mValue = 4.3)
  LogQueryBenchmarks.WithoutCompiledQuery: Default -> It seems that the distribution is multimodal (mValue = 4.71)

// * Hints *
Outliers
  LogQueryBenchmarks.WithoutCompiledQuery: Default -> 9 outliers were removed (752.19 μs..1.29 ms)
  LogQueryBenchmarks.WithCompiledQuery: Default    -> 10 outliers were removed (666.43 μs..1.17 ms)
  LogQueryBenchmarks.WithoutCompiledQuery: Default -> 9 outliers were removed (640.13 μs..1.75 ms)
  LogQueryBenchmarks.WithCompiledQuery: Default    -> 10 outliers were removed (580.18 μs..1.51 ms)
  LogQueryBenchmarks.WithoutCompiledQuery: Default -> 4 outliers were removed (942.48 μs..1.06 ms)
  LogQueryBenchmarks.WithCompiledQuery: Default    -> 11 outliers were removed (584.41 μs..1.17 ms)

// * Legends *
  RowsToReturn : Value of the 'RowsToReturn' parameter
  Mean         : Arithmetic mean of all measurements
  Error        : Half of 99.9% confidence interval
  StdDev       : Standard deviation of all measurements
  Median       : Value separating the higher half of all measurements (50th percentile)
  Ratio        : Mean of the ratio distribution ([Current]/[Baseline])
  RatioSD      : Standard deviation of the ratio distribution ([Current]/[Baseline])
  Gen0         : GC Generation 0 collects per 1000 operations
  Allocated    : Allocated memory per single operation (managed only, inclusive, 1KB = 1024B)
  Alloc Ratio  : Allocated memory ratio distribution ([Current]/[Baseline])
  1 μs         : 1 Microsecond (0.000001 sec)

// * Diagnostic Output - MemoryDiagnoser *


// ***** BenchmarkRunner: End *****
Run time: 00:07:12 (432.02 sec), executed benchmarks: 6

Global total time: 00:07:15 (435.2 sec), executed benchmarks: 6
// * Artifacts cleanup *
Artifacts cleanup is finished
